Year,Miles_Equator,Political Stability,School Enrollment Female,Life expency,GDP_Per_Capita,No_religion,Roman_Catholic,Protestant,Orthodox,Jew,Muslim,Hindu,Buddhist,Other Christian,Other,DK,NA,,,
Algeria,2000,1934.338134,-1.432577372,66.6558304,70.64,10022.96478,0,0,0,0,0,100,0,0,0,0,0,0,,
Argentina,2000,-2650.710693,0.095823877,98.2887115,73.576,11029.15507,13,78.4,5.4,0.1,0.7,0,0,0.1,0,2.3,0,0.1,,
Bangladesh,2000,1634.264586,-0.726261258,50.5111504,65.447,1524.346032,0.1,0.1,0.1,0.1,0.1,91.9,7.1,0.5,0,0,0,0,,
Canada,2000,3872.995254,1.167526841,102.932777,79.1365854,32349.94366,30.8,37.3,22.5,0.9,0.4,1.2,0.4,0.4,2.7,1.6,1.7,0,,
Chile,2000,-2461.585143,0.485464156,86.4905319,76.366,10963.79063,33.7,53.8,9.5,0,0.2,0,0.1,0,0,2.2,0,0.5,,
India,2000,1420.964196,-1.00120759,37.3238297,62.505,2472.993673,6.6,2.9,0,0,0.2,10.8,72.2,1.4,0,4.3,0,1.4,,
Indonesia,2000,-54.459975,-1.995200634,54.1741486,65.772,5467.231552,0,6.5,0,0,0,92.9,0,0,0,0.5,0,0.1,,
Iran,2000,2237.525652,-0.727548361,74.5149765,70.176,13316.53508,1.1,0,0,0,0,97,0,0,0.9,0.7,0.3,0,,
Iraq,2000,2292.400179,-1.73264277,28.7076302,69.082,6342.118087,0,0.2,0,0.1,0,61,0,0,0.2,37.8,0,0.6,,
Israel,2000,2142.177519,-1.041991234,104.210419,78.9536585,23845.31292,0,0,0,0,85.3,9.5,0,0,3.3,1.8,0,0.1,,
Jordan,2000,2110.376316,0.000209701,84.1426315,71.73,6866.880054,0,0,0,0,0,95.2,0,0,4.7,0.1,0,0,,
,2000,2477.635233,0.398045033,96.2802582,75.9097561,22095.87083,36.7,13.8,23.7,1.8,0.1,0.2,0,20.8,0,2.7,0,0.3,,
Mexico,2000,1630.780569,-0.200209871,72.3933563,74.34,11488.29563,19.3,73.5,4.8,0,0.1,0,0.1,0.1,0,1.6,0,0.5,,
Morocco,2000,2193.627438,-0.065564901,34.3061981,68.684,4282.941895,0,0,0,0,0,100,0,0,0,0,0,0,,
Nigeria,2000,626.657931,-1.455326319,22.4468803,46.267,2965.430138,0.7,0,0,0,0.1,31.7,0,0,67,0.3,0,0.1,,
Peru,2000,-634.107723,-0.987529457,78.5265121,71.111,5699.483153,4.7,82.3,6.8,0,0.2,0,0,0.2,0,4.3,0,1.5,,
Serbia,2000,3037.139949,-1.643598437,92.1466675,71.5829268,7645.785777,5.9,6.1,0.3,79.1,0.2,4.3,0,0.1,0,2.4,1.6,0,,
South Africa,2000,-2108.604258,-0.227864951,85.4968719,56.048,9486.546193,13.4,11.2,63.5,0.2,0.2,2.8,1.8,0,0,3.3,0,3.5,,
Zimbabwe,2000,-1312.065222,-1.318817854,42.2582397,44.649,1828.52486,14.2,17,42.6,0.1,0,0.5,0,0,0,25.2,0,0.4,,
Spain,2000,2791.993023,0.459468246,113.970528,78.9658537,25046.1107,15.7,80.8,0.6,0.1,0.1,0.1,0.1,0.2,0,1.1,0,1.2,,
Sweden,2000,4148.843109,1.391772032,170.476379,79.6439024,31814.86351,24.2,1.4,0,0,2.6,0.1,0.4,0.3,0,70.9,0,0,,
North Macedonia,2000,2870.995815,-0.614017069,79.9734879,72.9463415,6595.45197,14,0.3,0.4,59.4,0.1,25.3,0,0,0,0.2,0,0.4,,
Egypt,2000,1850.618157,0.049797524,79.1512527,68.602,6336.851671,0,0,0,0,0,94.3,0,0,5.6,0,0,0,,
Albania,2001,2839.579908,-0.297719181,71.5549927,74.288,5427.732662,12.9,58,18,0,8.8,0,1.3,0.6,0,0,0,0.4,,
Algeria,2001,1934.338134,-1.634565115,66.6558304,71.116,10594.04572,0,0,0,0,0,100,0,0,0,0,0,0,,
Argentina,2001,-2650.710693,-0.776545405,98.2887115,73.755,12218.20932,13,78.4,5.4,0.1,0.7,0,0,0.1,0,2.3,0,0.1,,
Bangladesh,2001,1634.264586,-1.032590389,50.5111504,65.956,1620.885204,0.1,0.1,0.1,0.1,0.1,91.9,7.1,0.5,0,0,0,0,,
Canada,2001,3872.995254,1.218031764,102.932777,79.3390244,33925.70673,30.8,37.3,22.5,0.9,0.4,1.2,0.4,0.4,2.7,1.6,1.7,0,,
Chile,2001,-2461.585143,1.088796377,86.4905319,76.634,11794.6294,33.7,53.8,9.5,0,0.2,0,0.1,0,0,2.2,0,0.5,,
India,2001,1420.964196,-1.210664988,37.3238297,62.907,2696.659224,6.6,2.9,0,0,0.2,10.8,72.2,1.4,0,4.3,0,1.4,,
Indonesia,2001,-54.459975,-1.583244205,54.1741486,66.037,5817.83337,0,6.5,0,0,0,92.9,0,0,0,0.5,0,0.1,,
Iran,2001,2237.525652,-0.773440599,74.5149765,70.553,14095.60746,1.1,0,0,0,0,97,0,0,0.9,0.7,0.3,0,,
Iraq,2001,2292.400179,-1.601286769,28.7076302,68.983,9734.703574,0,0.2,0,0.1,0,61,0,0,0.2,37.8,0,0.6,,
Israel,2001,2142.177519,-1.462138295,104.210419,79.4073171,25238.88078,0,0,0,0,85.3,9.5,0,0,3.3,1.8,0,0.1,,
Jordan,2001,2110.376316,-0.456774443,84.1426315,71.907,7454.735129,0,0,0,0,0,95.2,0,0,4.7,0.1,0,0,,
Korea,2001,2477.635233,0.241773605,96.2802582,76.4121951,23773.82865,36.7,13.8,23.7,1.8,0.1,0.2,0,20.8,0,2.7,0,0.3,,
Mexico,2001,1630.780569,-0.058308262,72.3933563,74.658,12090.99121,19.3,73.5,4.8,0,0.1,0,0.1,0.1,0,1.6,0,0.5,,
Morocco,2001,2193.627438,-0.261418521,34.3061981,69.193,4554.850098,0,0,0,0,0,100,0,0,0,0,0,0,,
Nigeria,2001,626.657931,-1.626329303,22.4468803,46.51,3242.645046,0.7,0,0,0,0.1,31.7,0,0,67,0.3,0,0.1,,
Peru,2001,-634.107723,-0.969909847,78.5265121,71.505,6086.620457,4.7,82.3,6.8,0,0.2,0,0,0.2,0,4.3,0,1.5,,
Serbia,2001,3037.139949,-0.512546003,92.1466675,72.2341463,8487.604645,5.9,6.1,0.3,79.1,0.2,4.3,0,0.1,0,2.4,1.6,0,,
South Africa,2001,-2108.604258,-0.254789859,85.4968719,55.089,10061.59736,13.4,11.2,63.5,0.2,0.2,2.8,1.8,0,0,3.3,0,3.5,,
Zimbabwe,2001,-1312.065222,-1.515870214,42.2582397,44.01,1763.021151,14.2,17,42.6,0.1,0,0.5,0,0,0,25.2,0,0.4,,
Spain,2001,2791.993023,0.438226074,113.970528,79.3682927,26143.63217,15.7,80.8,0.6,0.1,0.1,0.1,0.1,0.2,0,1.1,0,1.2,,
Sweden,2001,4148.843109,1.475257516,170.476379,79.795122,33858.61143,24.2,1.4,0,0,2.6,0.1,0.4,0.3,0,70.9,0,0,,
North Macedonia,2001,2870.995815,-1.038219452,79.9734879,73.4365854,7172.004987,14,0.3,0.4,59.4,0.1,25.3,0,0,0,0.2,0,0.4,,
Egypt,2001,1850.618157,-0.414172113,79.1512527,68.796,6650.316968,0,0,0,0,0,94.3,0,0,5.6,0,0,0,,
Albania,2002,2839.579908,-0.30978024,71.5549927,74.579,5865.301904,12.9,58,18,0,8.8,0,1.3,0.6,0,0,0,0.4,,
Algeria,2002,1934.338134,-1.754409075,70.9762421,71.116,11411.19178,0,0,0,0,0,100,0,0,0,0,0,0,,
Argentina,2002,-2650.710693,-0.359838128,99.3284302,73.755,13575.3709,13,78.4,5.4,0.1,0.7,0,0,0.1,0,2.3,0,0.1,,
Bangladesh,2002,1634.264586,-1.115581155,53.0923004,65.956,1754.727931,0.1,0.1,0.1,0.1,0.1,91.9,7.1,0.5,0,0,0,0,,
China,2002,2474.45454,-0.565357924,57.9949417,71.732,5056.404724,93,0.8,2.5,0,0,0.4,0,2.1,0,0.2,0,1,,
India,2002,1420.964196,-1.50999701,37.7764702,62.907,2954.546053,6.6,2.9,0,0,0.2,10.8,72.2,1.4,0,4.3,0,1.4,,
Indonesia,2002,-54.459975,-2.09539485,55.0186806,66.037,6257.657476,0,6.5,0,0,0,92.9,0,0,0,0.5,0,0.1,,
Iran,2002,2237.525652,-0.779733181,74.0755997,70.553,14826.935,1.1,0,0,0,0,97,0,0,0.9,0.7,0.3,0,,
Iraq,2002,2292.400179,-2.39324522,28.4829597,68.983,9977.128043,0,0.2,0,0.1,0,61,0,0,0.2,37.8,0,0.6,,
Israel,2002,2142.177519,-1.518784404,104.825768,79.4073171,24853.77787,0,0,0,0,85.3,9.5,0,0,3.3,1.8,0,0.1,,
Korea,2002,2477.635233,0.248543099,96.4077377,76.4121951,25186.86757,36.7,13.8,23.7,1.8,0.1,0.2,0,20.8,0,2.7,0,0.3,,
Mexico,2002,1630.780569,-0.116878085,74.4729996,74.658,12657.63767,19.3,73.5,4.8,0,0.1,0,0.1,0.1,0,1.6,0,0.5,,
Morocco,2002,2193.627438,-0.407007366,36.0968513,69.193,4795.599121,0,0,0,0,0,100,0,0,0,0,0,0,,
Nigeria,2002,626.657931,-1.635588288,24.5261993,46.51,3468.792027,0.7,0,0,0,0.1,31.7,0,0,67,0.3,0,0.1,,
Peru,2002,-634.107723,-1.162101626,81.4958725,71.505,6614.108142,4.7,82.3,6.8,0,0.2,0,0,0.2,0,4.3,0,1.5,,
Philippines,2002,888.700749,-1.559809685,78.4151764,68.835,4372.500231,9.9,71.8,1.8,0,0,2.9,0,0,5.7,7.5,0,0.5,,
Serbia,2002,3037.139949,-0.582542062,90.5736694,72.2341463,9181.688301,5.9,6.1,0.3,79.1,0.2,4.3,0,0.1,0,2.4,1.6,0,,
South Africa,2002,-2108.604258,-0.312842578,85.8254166,55.089,10790.33064,13.4,11.2,63.5,0.2,0.2,2.8,1.8,0,0,3.3,0,3.5,,
Zimbabwe,2002,-1312.065222,-1.087580562,43.1062508,44.01,1706.3998,14.2,17,42.6,0.1,0,0.5,0,0,0,25.2,0,0.4,,
Spain,2002,2791.993023,-0.047485888,115.32386,79.3682927,27606.93405,15.7,80.8,0.6,0.1,0.1,0.1,0.1,0.2,0,1.1,0,1.2,,
Sweden,2002,4148.843109,1.341613293,165.334915,79.795122,34244.46502,24.2,1.4,0,0,2.6,0.1,0.4,0.3,0,70.9,0,0,,
North Macedonia,2002,2870.995815,-0.988194704,80.2750015,73.4365854,7848.882967,14,0.3,0.4,59.4,0.1,25.3,0,0,0,0.2,0,0.4,,
Egypt,2002,1850.618157,-0.640924513,80.7866821,68.796,7037.341176,0,0,0,0,0,94.3,0,0,5.6,0,0,0,,
Algeria,2003,1934.338134,-1.359188437,70.9762421,71.605,11788.56019,0,0,0,0,0,100,0,0,0,0,0,0,,
Argentina,2003,-2650.710693,-0.610934913,99.3284302,73.932,14967.625,13,78.4,5.4,0.1,0.7,0,0,0.1,0,2.3,0,0.1,,
Bangladesh,2003,1634.264586,-1.360476375,53.0923004,66.43,1903.738526,0.1,0.1,0.1,0.1,0.1,91.9,7.1,0.5,0,0,0,0,,
China,2003,2474.45454,-0.390680671,57.9949417,72.061,5842.778636,93,0.8,2.5,0,0,0.4,0,2.1,0,0.2,0,1,,
India,2003,1420.964196,-1.28043294,37.7764702,63.304,3240.736555,6.6,2.9,0,0,0.2,10.8,72.2,1.4,0,4.3,0,1.4,,
Indonesia,2003,-54.459975,-1.908605576,55.0186806,66.321,6715.707869,0,6.5,0,0,0,92.9,0,0,0,0.5,0,0.1,,
Iran,2003,2237.525652,-0.76182431,74.0755997,70.921,15868.37823,1.1,0,0,0,0,97,0,0,0.9,0.7,0.3,0,,
Iraq,2003,2292.400179,-3.180351734,28.4829597,68.827,10657.53857,0,0.2,0,0.1,0,61,0,0,0.2,37.8,0,0.6,,
Israel,2003,2142.177519,-1.322681308,104.825768,79.4512195,25700.93836,0,0,0,0,85.3,9.5,0,0,3.3,1.8,0,0.1,,
Korea,2003,2477.635233,0.428842574,96.4077377,76.7658537,26884.26733,36.7,13.8,23.7,1.8,0.1,0.2,0,20.8,0,2.7,0,0.3,,
Mexico,2003,1630.780569,-0.21408245,74.4729996,74.922,13812.9014,19.3,73.5,4.8,0,0.1,0,0.1,0.1,0,1.6,0,0.5,,
Morocco,2003,2193.627438,-0.312668711,36.0968513,69.769,5256.104004,0,0,0,0,0,100,0,0,0,0,0,0,,
Nigeria,2003,626.657931,-1.754415751,24.5261993,46.835,3694.764195,0.7,0,0,0,0.1,31.7,0,0,67,0.3,0,0.1,,
Peru,2003,-634.107723,-1.027399659,81.4958725,71.882,7269.979011,4.7,82.3,6.8,0,0.2,0,0,0.2,0,4.3,0,1.5,,
Philippines,2003,888.700749,-1.705884457,78.4151764,68.88,4662.660671,9.9,71.8,1.8,0,0,2.9,0,0,5.7,7.5,0,0.5,,
Serbia,2003,3037.139949,-0.507584155,90.5736694,72.2853659,10209.18352,5.9,6.1,0.3,79.1,0.2,4.3,0,0.1,0,2.4,1.6,0,,
South Africa,2003,-2108.604258,-0.131729558,85.8254166,54.31,11599.10318,13.4,11.2,63.5,0.2,0.2,2.8,1.8,0,0,3.3,0,3.5,,
Zimbabwe,2003,-1312.065222,-1.204704046,43.1062508,43.523,1687.154196,14.2,17,42.6,0.1,0,0.5,0,0,0,25.2,0,0.4,,
Spain,2003,2791.993023,-0.090546302,115.32386,79.5682927,30720.22221,15.7,80.8,0.6,0.1,0.1,0.1,0.1,0.2,0,1.1,0,1.2,,
Sweden,2003,4148.843109,1.362226844,165.334915,79.8463415,37730.16375,24.2,1.4,0,0,2.6,0.1,0.4,0.3,0,70.9,0,0,,
North Macedonia,2003,2870.995815,-0.851008296,80.2750015,73.0390244,8690.236926,14,0.3,0.4,59.4,0.1,25.3,0,0,0,0.2,0,0.4,,
Egypt,2003,1850.618157,-0.822401702,80.7866821,68.961,7614.842917,0,0,0,0,0,94.3,0,0,5.6,0,0,0,,
Algeria,2004,1934.338134,-0.91366601,74.2163086,72.101,11788.56019,0,0,0,0,0,100,0,0,0,0,0,0,,
Argentina,2004,-2650.710693,-0.041774943,98.3592911,74.107,14967.625,13,78.4,5.4,0.1,0.7,0,0,0.1,0,2.3,0,0.1,,
Bangladesh,2004,1634.264586,-1.863839388,54.7457809,66.886,1903.738526,0.1,0.1,0.1,0.1,0.1,91.9,7.1,0.5,0,0,0,0,,
Chile,2004,-2461.585143,0.842383623,89.7292175,77.146,15657.47765,33.7,53.8,9.5,0,0.2,0,0.1,0,0,2.2,0,0.5,,
India,2004,1420.964196,-1.013880491,40.2797508,63.699,3240.736555,6.6,2.9,0,0,0.2,10.8,72.2,1.4,0,4.3,0,1.4,,
Indonesia,2004,-54.459975,-1.51817596,56.8001213,66.631,6715.707869,0,6.5,0,0,0,92.9,0,0,0,0.5,0,0.1,,
Iran,2004,2237.525652,-0.782738864,75.0605011,71.265,15868.37823,1.1,0,0,0,0,97,0,0,0.9,0.7,0.3,0,,
Israel,2004,2142.177519,-1.247522712,106.488289,79.6487805,25700.93836,0,0,0,0,85.3,9.5,0,0,3.3,1.8,0,0.1,,
Jordan,2004,2110.376316,-0.132929385,86.5586929,72.256,8629.070083,0,0,0,0,0,95.2,0,0,4.7,0.1,0,0,,
Korea,2004,2477.635233,0.485128582,96.756752,77.2146341,26884.26733,36.7,13.8,23.7,1.8,0.1,0.2,0,20.8,0,2.7,0,0.3,,
Mexico,2004,1630.780569,-0.445820868,77.441803,75.118,13812.9014,19.3,73.5,4.8,0,0.1,0,0.1,0.1,0,1.6,0,0.5,,
Morocco,2004,2193.627438,-0.556680739,38.3787994,70.399,5256.104004,0,0,0,0,0,100,0,0,0,0,0,0,,
Nigeria,2004,626.657931,-1.666500449,25.55303,47.242,3694.764195,0.7,0,0,0,0.1,31.7,0,0,67,0.3,0,0.1,,
Peru,2004,-634.107723,-0.975715458,82.8570404,72.24,7269.979011,4.7,82.3,6.8,0,0.2,0,0,0.2,0,4.3,0,1.5,,
Philippines,2004,888.700749,-1.178786635,83.2882919,68.937,4662.660671,9.9,71.8,1.8,0,0,2.9,0,0,5.7,7.5,0,0.5,,
Serbia,2004,3037.139949,-0.762413561,89.9539871,72.4365854,10209.18352,5.9,6.1,0.3,79.1,0.2,4.3,0,0.1,0,2.4,1.6,0,,
South Africa,2004,-2108.604258,-0.162092119,85.8960266,53.749,11599.10318,13.4,11.2,63.5,0.2,0.2,2.8,1.8,0,0,3.3,0,3.5,,
Zimbabwe,2004,-1312.065222,-1.267643571,40.7238197,43.195,1687.154196,14.2,17,42.6,0.1,0,0.5,0,0,0,25.2,0,0.4,,
Spain,2004,2791.993023,0.193026617,115.791779,79.6195122,30720.22221,15.7,80.8,0.6,0.1,0.1,0.1,0.1,0.2,0,1.1,0,1.2,,
Sweden,2004,4148.843109,1.299904823,158.256393,80.095122,37730.16375,24.2,1.4,0,0,2.6,0.1,0.4,0.3,0,70.9,0,0,,
North Macedonia,2004,2870.995815,-1.155975223,79.6776733,73.2414634,8690.236926,14,0.3,0.4,59.4,0.1,25.3,0,0,0,0.2,0,0.4,,
Argentina,2005,-2650.710693,-0.041774943,96.8009872,74.451,17420.68009,14.5,75.5,0.3,0,0.2,0,0.2,6.6,0,1.7,0,0.9,,
Ethiopia,2005,631.005,-1.690383315,18.8290405,56.223,871.5463026,0.5,1.5,19.4,64.7,0.4,10.5,0,0.1,0,1.6,0.1,1.1,,
France,2005,3189.707022,0.399723917,106.99189,80.1634146,35095.26568,49.4,41.6,2.2,0.2,0.2,4.7,0,0.5,0.4,0.2,0.1,0.5,,
Georgia,2005,2919.763083,-0.755904913,96.2598267,70.538,7139.012454,1.5,0.3,0,93.5,0.1,3.3,0.1,0.1,0,1.1,0,0.1,,
Germany,2005,3530.432679,0.88891536,100.913528,78.9317073,37802.38743,41.9,21,0,0.6,0,1.2,0,0.2,32.7,1.4,0.2,0.8,,
Ghana,2005,548.310363,0.169719294,36.433979,58.719,2714.463643,0,20.8,55.3,3.7,0,14.9,0,0.1,0,2.7,0.1,2.2,,
Guatemala,2005,1089.059499,-0.835618198,39.7856407,69.762,6524.609737,9,55.9,31,0,0,0.2,0,0.1,0,3.2,0.5,0,,
Hungary,2005,3254.212086,1.003100395,95.7624817,72.6487805,20727.88997,29.2,47.2,16.8,3.5,0.2,0,0,0,0.7,1.4,0.2,0.8,,
India,2005,1420.964196,-1.013880491,49.01577,64.5,3654.427508,2.9,0,0,0,0.6,8.1,75.6,1.8,3.1,4.9,0,2.6,,
Jordan,2005,2110.376316,-0.132929385,85.6754303,72.595,9574.623929,0,1.3,0.3,0.7,0,97.7,0,0,0,0,0,0,,
Malaysia,2005,290.523396,0.566449165,84.7113495,73.555,19713.87676,1.5,7,4.6,0,0.2,57.4,7.8,20.1,0,1.2,0,0.2,,
Mexico,2005,1630.780569,-0.445820868,84.0333176,75.3,14924.82161,17.1,72.2,1,0,0.1,0.1,0,0,5.6,2.9,0.1,0.9,,
Peru,2005,-634.107723,-0.975715458,81.6064072,72.908,8866.318061,11.7,70.4,12.6,0,0.1,0,0.3,0,0,3.9,0,1.1,,
Romania,2005,3170.078109,0.085602649,83.2716827,71.9121951,16782.22907,0.4,7.5,5,86.5,0.1,0.2,0,0,0,0,0,0.3,,
Serbia,2005,3037.139949,-0.762413561,89.9540329,72.8341463,12632.07784,3.7,3.9,0.7,87.1,0.6,2.7,0,0,0,0,0.1,1.1,,
South Africa,2005,-2108.604258,-0.162092119,90.5263596,53.447,12857.98651,16.2,12.1,58.5,0.2,0.1,1.2,1,0.3,1.5,6.6,2.3,0,,
Spain,2005,2791.993023,0.193026617,121.179321,80.1707317,33263.2724,18.1,79.7,0.3,0,0,0.1,0,0.2,0,0.2,0.2,1.2,,
Sweden,2005,4148.843109,1.299904823,103.819672,80.5463415,42158.2957,25,1.6,0.3,0,0,0.4,0,0,3.2,68.8,0,0.7,,
Switzerland,2005,3230.454972,1.196782112,92.4630737,81.2365854,54096.80786,19.1,36.6,37.8,0,0.6,1.6,0,0,0,3.7,0,0.7,,
Thailand,2005,1095.032208,-0.870126605,75.3994064,72.099,12256.50575,0.1,0,0.1,0,0.1,2.5,0,96.8,0,0.1,0,0.2,,
Ukraine,2005,3338.180877,-0.285366565,91.833168,67.9568293,9434.435547,25.7,7.2,0.4,60.6,0.7,0.3,0,0.2,0,0,2.2,2.9,,
United Kingdom,2005,3821.085519,0.12418776,107.039726,79.0487805,36863.58476,47,10.9,25.1,0.3,0.3,7.2,0.9,0.4,2.1,3.1,0.1,1.5,,
Uruguay,2005,-2244.071751,0.777662575,108.542,75.826,14778.27902,55,33.8,6.9,0,0.3,0,0.1,0.2,0,3.7,0,0,,
Argentina,2006,-2650.710693,0.001967763,96.3841476,74.62,16330.6328,14.5,75.5,0.3,0,0.2,0,0.2,6.6,0,1.7,0,0.9,,
Ethiopia,2006,631.005,-1.740132213,22.6457901,57.334,928.3920242,0.5,1.5,19.4,64.7,0.4,10.5,0,0.1,0,1.6,0.1,1.1,,
France,2006,3189.707022,0.595505774,106.92614,80.8121951,34678.06232,49.4,41.6,2.2,0.2,0.2,4.7,0,0.5,0.4,0.2,0.1,0.5,,
Georgia,2006,2919.763083,-0.966098785,99.2053909,70.635,6984.247646,1.5,0.3,0,93.5,0.1,3.3,0.1,0.1,0,1.1,0,0.1,,
Germany,2006,3530.432679,1.025069594,101.511398,79.1317073,36815.84405,41.9,21,0,0.6,0,1.2,0,0.2,32.7,1.4,0.2,0.8,,
Ghana,2006,548.310363,0.006396186,38.1818886,59.234,2792.265433,0,20.8,55.3,3.7,0,14.9,0,0.1,0,2.7,0.1,2.2,,
Guatemala,2006,1089.059499,-0.735238791,41.7966995,70.082,6474.796935,9,55.9,31,0,0,0.2,0,0.1,0,3.2,0.5,0,,
Hungary,2006,3254.212086,0.98567611,95.6179276,73.097561,20729.78393,29.2,47.2,16.8,3.5,0.2,0,0,0,0.7,1.4,0.2,0.8,,
India,2006,1420.964196,-1.065184236,50.2382011,64.918,3911.434281,2.9,0,0,0,0.6,8.1,75.6,1.8,3.1,4.9,0,2.6,,
Jordan,2006,2110.376316,-0.762317538,86.8548965,72.763,9625.63906,0,1.3,0.3,0.7,0,97.7,0,0,0,0,0,0,,
Malaysia,2006,290.523396,0.288379699,83.2793579,73.744,19188.36498,1.5,7,4.6,0,0.2,57.4,7.8,20.1,0,1.2,0,0.2,,
Mexico,2006,1630.780569,-0.636888444,86.2486801,75.296,14547.64458,17.1,72.2,1,0,0.1,0.1,0,0,5.6,2.9,0.1,0.9,,
Peru,2006,-634.107723,-0.841553807,85.1167603,73.222,8948.761452,11.7,70.4,12.6,0,0.1,0,0.3,0,0,3.9,0,1.1,,
Romania,2006,3170.078109,0.148430079,84.2956696,72.1634146,16631.85819,0.4,7.5,5,86.5,0.1,0.2,0,0,0,0,0,0.3,,
Serbia,2006,3037.139949,-0.53756845,90.62146,73.3853659,12533.96547,3.7,3.9,0.7,87.1,0.6,2.7,0,0,0,0,0.1,1.1,,
South Africa,2006,-2108.604258,0.047030076,93.6793137,53.795,12565.29277,16.2,12.1,58.5,0.2,0.1,1.2,1,0.3,1.5,6.6,2.3,0,,
Spain,2006,2791.993023,-0.150648654,121.06974,80.8219512,32092.36482,18.1,79.7,0.3,0,0,0.1,0,0.2,0,0.2,0.2,1.2,,
Sweden,2006,4148.843109,1.293933988,103.323479,80.7487805,40279.4616,25,1.6,0.3,0,0,0.4,0,0,3.2,68.8,0,0.7,,
Switzerland,2006,3230.454972,1.268117428,93.1368027,81.4902439,53354.00464,19.1,36.6,37.8,0,0.6,1.6,0,0,0,3.7,0,0.7,,
Thailand,2006,1095.032208,-1.130200148,76.4392471,72.499,12188.34839,0.1,0,0.1,0,0.1,2.5,0,96.8,0,0.1,0,0.2,,
Ukraine,2006,3338.180877,-0.036877617,96.1763687,68.077561,8093.555664,25.7,7.2,0.4,60.6,0.7,0.3,0,0.2,0,0,2.2,2.9,,
United Kingdom,2006,3821.085519,0.667080104,99.7673416,79.2487805,35212.42048,47,10.9,25.1,0.3,0.3,7.2,0.9,0.4,2.1,3.1,0.1,1.5,,
Uruguay,2006,-2244.071751,0.898599565,108.505882,76.046,15460.37311,55,33.8,6.9,0,0.3,0,0.1,0.2,0,3.7,0,0,,
Argentina,2007,-2650.710693,0.097796634,96.9386215,74.787,18063.91434,14.5,75.5,0.3,0,0.2,0,0.2,6.6,0,1.7,0,0.9,,
Ethiopia,2007,631.005,-1.806409359,26.0020809,58.467,1028.436486,0.5,1.5,19.4,64.7,0.4,10.5,0,0.1,0,1.6,0.1,1.1,,
France,2007,3189.707022,0.563000798,106.790291,81.1121951,35902.90311,49.4,41.6,2.2,0.2,0.2,4.7,0,0.5,0.4,0.2,0.1,0.5,,
Germany,2007,3530.432679,0.995823801,100.868668,79.5341463,38952.6946,41.9,21,0,0.6,0,1.2,0,0.2,32.7,1.4,0.2,0.8,,
Ghana,2007,548.310363,-0.073061265,42.3754005,59.741,2974.159419,0,20.8,55.3,3.7,0,14.9,0,0.1,0,2.7,0.1,2.2,,
Guatemala,2007,1089.059499,-0.753424942,43.5954208,70.409,6618.916031,9,55.9,31,0,0,0.2,0,0.1,0,3.2,0.5,0,,
Hungary,2007,3254.212086,0.747096717,95.894783,73.1512195,21751.83384,29.2,47.2,16.8,3.5,0.2,0,0,0,0.7,1.4,0.2,0.8,,
India,2007,1420.964196,-1.154295802,53.3059692,65.35,4237.208788,2.9,0,0,0,0.6,8.1,75.6,1.8,3.1,4.9,0,2.6,,
Iraq,2007,2292.400179,-2.771050692,46.0039101,68.13,12718.4112,0,0.1,0,0.1,0,61.8,0,0,0.6,37.2,0.1,0.1,,
Jordan,2007,2110.376316,-0.300741792,86.8393326,72.931,9461.328429,0,1.3,0.3,0.7,0,97.7,0,0,0,0,0,0,,
Malaysia,2007,290.523396,0.193307161,80.6319275,73.931,20511.00574,1.5,7,4.6,0,0.2,57.4,7.8,20.1,0,1.2,0,0.2,,
Mexico,2007,1630.780569,-0.729851604,87.5231018,75.255,15255.01905,17.1,72.2,1,0,0.1,0.1,0,0,5.6,2.9,0.1,0.9,,
Peru,2007,-634.107723,-0.774885893,88.3636169,73.528,9731.487772,11.7,70.4,12.6,0,0.1,0,0.3,0,0,3.9,0,1.1,,
Romania,2007,3170.078109,0.198067933,87.3059998,72.5658537,16976.25909,0.4,7.5,5,86.5,0.1,0.2,0,0,0,0,0,0.3,,
Serbia,2007,3037.139949,-0.591357946,90.8078995,73.6317073,12798.27213,3.7,3.9,0.7,87.1,0.6,2.7,0,0,0,0,0.1,1.1,,
South Africa,2007,-2108.604258,0.215346545,94.9352264,54.452,12913.54048,16.2,12.1,58.5,0.2,0.1,1.2,1,0.3,1.5,6.6,2.3,0,,
Spain,2007,2791.993023,-0.27673164,120.242722,80.8731707,31682.7131,18.1,79.7,0.3,0,0,0.1,0,0.2,0,0.2,0.2,1.2,,
Sweden,2007,4148.843109,1.271478295,102.006729,80.9,42223.91967,25,1.6,0.3,0,0,0.4,0,0,3.2,68.8,0,0.7,,
Switzerland,2007,3230.454972,1.234408855,93.3035736,81.7414634,54858.44808,19.1,36.6,37.8,0,0.6,1.6,0,0,0,3.7,0,0.7,,
Thailand,2007,1095.032208,-1.112847924,82.2775497,72.916,13196.8176,0.1,0,0.1,0,0.1,2.5,0,96.8,0,0.1,0,0.2,,
Ukraine,2007,3338.180877,0.172825918,96.6398468,68.2221951,8559.929688,25.7,7.2,0.4,60.6,0.7,0.3,0,0.2,0,0,2.2,2.9,,
United Kingdom,2007,3821.085519,0.574654937,98.1899567,79.4487805,36576.58654,47,10.9,25.1,0.3,0.3,7.2,0.9,0.4,2.1,3.1,0.1,1.5,,
Uruguay,2007,-2244.071751,0.835530937,91.3403702,76.251,16818.92257,55,33.8,6.9,0,0.3,0,0.1,0.2,0,3.7,0,0,,
Argentina,2008,-2650.710693,-0.087755688,98.7242432,74.952,19322.22712,14.5,75.5,0.3,0,0.2,0,0.2,6.6,0,1.7,0,0.9,,
Ethiopia,2008,631.005,-1.732120633,28.1964798,59.581,1134.784509,0.5,1.5,19.4,64.7,0.4,10.5,0,0.1,0,1.6,0.1,1.1,,
France,2008,3189.707022,0.543759167,106.61882,81.2146341,37440.63347,49.4,41.6,2.2,0.2,0.2,4.7,0,0.5,0.4,0.2,0.1,0.5,,
Georgia,2008,2919.763083,-0.919675112,100.927689,70.946,8360.297207,1.5,0.3,0,93.5,0.1,3.3,0.1,0.1,0,1.1,0,0.1,,
Germany,2008,3530.432679,0.943830788,101.807892,79.7365854,42541.53109,41.9,21,0,0.6,0,1.2,0,0.2,32.7,1.4,0.2,0.8,,
Ghana,2008,548.310363,-0.029515961,44.4909706,60.216,3379.484599,0,20.8,55.3,3.7,0,14.9,0,0.1,0,2.7,0.1,2.2,,
Guatemala,2008,1089.059499,-0.713971555,44.6203613,70.75,6910.876502,9,55.9,31,0,0,0.2,0,0.1,0,3.2,0.5,0,,
Hungary,2008,3254.212086,0.75026387,95.3394699,73.702439,23038.80802,29.2,47.2,16.8,3.5,0.2,0,0,0,0.7,1.4,0.2,0.8,,
India,2008,1420.964196,-1.109707355,57.0118904,65.794,4493.669466,2.9,0,0,0,0.6,8.1,75.6,1.8,3.1,4.9,0,2.6,,
Jordan,2008,2110.376316,-0.370714009,87.3076401,73.099,9402.616204,0,1.3,0.3,0.7,0,97.7,0,0,0,0,0,0,,
Malaysia,2008,290.523396,0.108542368,80.3164902,74.118,21704.74427,1.5,7,4.6,0,0.2,57.4,7.8,20.1,0,1.2,0,0.2,,
Mexico,2008,1630.780569,-0.804012358,89.5588379,75.194,16520.25922,17.1,72.2,1,0,0.1,0.1,0,0,5.6,2.9,0.1,0.9,,
Peru,2008,-634.107723,-0.892661691,89.8936615,73.826,10476.79633,11.7,70.4,12.6,0,0.1,0,0.3,0,0,3.9,0,1.1,,
Romania,2008,3170.078109,0.180609092,92.7200089,72.5658537,17896.27586,0.4,7.5,5,86.5,0.1,0.2,0,0,0,0,0,0.3,,
Serbia,2008,3037.139949,-0.542712986,91.6802597,73.8853659,13746.92502,3.7,3.9,0.7,87.1,0.6,2.7,0,0,0,0,0.1,1.1,,
South Africa,2008,-2108.604258,0.049528994,93.113472,55.36,13393.76689,16.2,12.1,58.5,0.2,0.1,1.2,1,0.3,1.5,6.6,2.3,0,,
Spain,2008,2791.993023,-0.383085459,119.132599,81.1756098,31867.97324,18.1,79.7,0.3,0,0,0.1,0,0.2,0,0.2,0.2,1.2,,
Sweden,2008,4148.843109,1.128336549,100.968674,81.1,44608.58026,25,1.6,0.3,0,0,0.4,0,0,3.2,68.8,0,0.7,,
Switzerland,2008,3230.454972,1.222245216,93.5561218,81.9926829,57987.50203,19.1,36.6,37.8,0,0.6,1.6,0,0,0,3.7,0,0.7,,
Thailand,2008,1095.032208,-1.272093296,82.050293,73.341,13519.12902,0.1,0,0.1,0,0.1,2.5,0,96.8,0,0.1,0,0.2,,
Ukraine,2008,3338.180877,0.042514395,95.2829666,68.2514634,9246.769531,25.7,7.2,0.4,60.6,0.7,0.3,0,0.2,0,0,2.2,2.9,,
United Kingdom,2008,3821.085519,0.492879868,99.1683731,79.6,37379.29097,47,10.9,25.1,0.3,0.3,7.2,0.9,0.4,2.1,3.1,0.1,1.5,,
Uruguay,2008,-2244.071751,0.845082819,93.3961487,76.437,18002.89383,55,33.8,6.9,0,0.3,0,0.1,0.2,0,3.7,0,0,,
Argentina,2009,-2650.710693,-0.234854579,101.948082,75.116,19641.35286,14.5,75.5,0.3,0,0.2,0,0.2,6.6,0,1.7,0,0.9,,
Ethiopia,2009,631.005,-1.641072273,29.4654102,60.645,1213.595972,0.5,1.5,19.4,64.7,0.4,10.5,0,0.1,0,1.6,0.1,1.1,,
France,2009,3189.707022,0.512012899,106.454376,81.4146341,37679.11891,49.4,41.6,2.2,0.2,0.2,4.7,0,0.5,0.4,0.2,0.1,0.5,,
Germany,2009,3530.432679,0.859902501,100.286728,79.8365854,43359.61483,41.9,21,0,0.6,0,1.2,0,0.2,32.7,1.4,0.2,0.8,,
Ghana,2009,548.310363,0.027835818,45.7366104,60.645,3781.865529,0,20.8,55.3,3.7,0,14.9,0,0.1,0,2.7,0.1,2.2,,
Guatemala,2009,1089.059499,-0.925672591,46.3767395,71.108,7204.732938,9,55.9,31,0,0,0.2,0,0.1,0,3.2,0.5,0,,
Hungary,2009,3254.212086,0.536816299,95.7292786,73.904878,23275.23186,29.2,47.2,16.8,3.5,0.2,0,0,0,0.7,1.4,0.2,0.8,,
India,2009,1420.964196,-1.355547905,57.5185699,66.244,4861.156152,2.9,0,0,0,0.6,8.1,75.6,1.8,3.1,4.9,0,2.6,,
Malaysia,2009,290.523396,-0.04166092,79.1458435,74.305,22985.80166,1.5,7,4.6,0,0.2,57.4,7.8,20.1,0,1.2,0,0.2,,
Mexico,2009,1630.780569,-0.686627805,89.39711,75.128,17162.92737,17.1,72.2,1,0,0.1,0.1,0,0,5.6,2.9,0.1,0.9,,
Peru,2009,-634.107723,-1.180047989,92.0806503,74.12,10767.67733,11.7,70.4,12.6,0,0.1,0,0.3,0,0,3.9,0,1.1,,
Romania,2009,3170.078109,0.359366298,95.1823578,73.3097561,18869.56897,0.4,7.5,5,86.5,0.1,0.2,0,0,0,0,0,0.3,,
Serbia,2009,3037.139949,-0.47735855,92.6842422,73.9853659,13933.84462,3.7,3.9,0.7,87.1,0.6,2.7,0,0,0,0,0.1,1.1,,
South Africa,2009,-2108.604258,-0.11449261,95.1234207,56.46,13215.70868,16.2,12.1,58.5,0.2,0.1,1.2,1,0.3,1.5,6.6,2.3,0,,
Spain,2009,2791.993023,-0.47459957,117.911072,81.4756098,31720.12,18.1,79.7,0.3,0,0,0.1,0,0.2,0,0.2,0.2,1.2,,
Sweden,2009,4148.843109,1.084638238,99.0862579,81.3512195,45432.43197,25,1.6,0.3,0,0,0.4,0,0,3.2,68.8,0,0.7,,
Switzerland,2009,3230.454972,1.307721257,93.5534363,82.0439024,59933.59868,19.1,36.6,37.8,0,0.6,1.6,0,0,0,3.7,0,0.7,,
Thailand,2009,1095.032208,-1.42447114,83.911911,73.766,14870.97555,0.1,0,0.1,0,0.1,2.5,0,96.8,0,0.1,0,0.2,,
Ukraine,2009,3338.180877,-0.302319407,94.3087692,69.19,9705.358398,25.7,7.2,0.4,60.6,0.7,0.3,0,0.2,0,0,2.2,2.9,,
Egypt,2009,1850.618157,-0.607227087,66.8448563,70.159,11092.74326,0,0,0,0,0,93.6,0,0,6.4,0,0,0,,
United Kingdom,2009,3821.085519,0.121949501,100.743057,80.0512195,38514.02617,47,10.9,25.1,0.3,0.3,7.2,0.9,0.4,2.1,3.1,0.1,1.5,,
Uruguay,2009,-2244.071751,0.789260983,95.9215164,76.603,18192.3297,55,33.8,6.9,0,0.3,0,0.1,0.2,0,3.7,0,0,,
Algeria,2010,1934.338134,-1.259367585,98.6929626,74.938,13056.80259,0,0,0,0,0,99.5,0,0,0.5,0,0,0,,
Argentina,2010,-2650.710693,-0.084797867,104.15448,75.278,20131.68042,16.9,69.6,1.2,0.4,0.3,0.2,0.2,0.5,0,9.7,0,0.9,,
Armenia,2010,2764.767831,0.071855329,103.744003,73.331,9835.802461,6.5,0.1,0,90,0.1,0.1,0,0.1,0,2.7,0.3,0,,
Belarus,2010,3705.976683,-0.094990097,106.412262,70.404878,18994.19019,13.5,10.5,2,72.9,0.2,0.3,0,0,0,0.1,0.6,0,,
Chile,2010,-2461.585143,0.67960453,91.3996735,78.779,22346.99046,23.1,63.8,11.2,0,0.1,0,0.1,0,0,0,1.2,0.5,,
China,2010,2474.45454,-0.657060683,88.0126801,74.409,11872.49738,80.6,0.8,2.5,0,0,0.5,0.1,9.2,0,0.6,0,5.7,,
Colombia,2010,315.389892,-1.537184834,102.269379,75.424,12727.76493,21.4,61.3,0.1,0,0,0.1,0,0.1,15.7,0.9,0,0.3,,
Cyprus,2010,2423.722497,0.452444822,91.9940033,79.43,30375.0918,6.6,0.7,0.1,67.5,0,24.6,0,0,0,0.5,0,0,,
Ecuador,2010,-126.355491,-0.586674452,94.4694672,75.089,11153.68521,23.5,62.6,0,0,0,0,0,0,11.4,2.4,0,0.1,,
Estonia,2010,4043.073768,0.661366999,105.332642,75.4292683,27464.51868,64.3,2,7.6,23,0,0.2,0,0.1,0,1.2,1.1,0.4,,
Germany,2010,3530.432679,0.796834469,101.152847,79.9878049,44993.89275,30.7,26.6,0,1.7,0.1,5.6,0.2,0.2,32.6,1,0.1,1.1,,
Hong Kong,2010,1545.353532,0.935810566,88.1830978,82.9780488,53691.83748,68.5,3.1,0,0,0,0.1,0.1,11.3,15.7,1.1,0,0.1,,
India,2010,1420.964196,-1.2779845,61.1048012,66.693,5057.233414,0.4,0,0,0,0,11,81.9,0.6,1.6,4.5,0,0,,
Kazakhstan,2010,3313.350537,0.522971809,98.7503433,68.45,24504.76609,21,1,0.6,26.7,0.1,50.3,0.1,0.1,0,0.1,0,0,,
Jordan,2010,2110.376316,-0.31249252,81.6359787,73.428,9322.302454,0,1.4,0.4,1.2,0,96.9,0,0,0,0,0,0.1,,
Korea,2010,2477.635233,0.325895816,96.0889206,80.1170732,34244.31214,41.3,15.7,21,0.1,0.1,0.1,0,20.6,0,0.5,0,0.7,,
Malaysia,2010,290.523396,0.143352136,80.1992035,74.493,23477.99117,1.5,0,0,0,0,63.1,7.6,16.9,7.3,3.6,0,0,,
Mexico,2010,1630.780569,-0.726463437,90.3881378,75.065,17373.89746,17.9,69.5,0,0,0,0,0,0,9.3,2.9,0.1,0.1,,
Morocco,2010,2193.627438,-0.383013308,58.8403511,74.382,6916.013184,0,0.2,0.1,0,0.3,99.2,0.1,0,0,0.1,0,0,,
Netherlands,2010,3597.151677,0.940750122,121.217552,80.702439,49241.51784,63.6,17.6,0,0,0.1,2.1,0.3,0.3,0,15.5,0,0.6,,
New Zealand,2010,-2822.138433,1.236488819,121.821358,80.702439,36242.62123,32.3,12.7,0,0.4,0.4,16.3,1.1,0,24.5,9.9,0,2.5,,
Nigeria,2010,626.657931,-2.211123228,41.1909904,50.896,5225.172934,8.9,19.1,24.5,2.1,1.7,43,0.1,0,0,0.6,0,0,,
Pakistan,2010,2095.897149,-2.675933123,28.8116493,65.264,4618.694924,0,0,0,0,0,1.6,0.2,0,0.1,97.9,0,0.1,,
Peru,2010,-634.107723,-0.999915421,93.5096283,74.41,11295.96326,10.1,73.4,10.1,0,0,0.1,0.2,0,0.4,4.3,0.2,1.3,,
Poland,2010,3582.441222,1.01733005,95.6627502,76.2463415,24567.50617,4.7,92.3,0.2,0.8,0,0,0,0,0,0,0.6,1.4,,
Romania,2010,3170.078109,0.273600399,97.2269669,73.4585366,19781.92571,1.4,3.3,2.9,85.7,0.1,0.2,0,0.1,5.3,0.8,0,0.3,,
Rwanda,2010,-133.879182,-0.272093862,31.6176796,63.433,1543.347604,11.2,55.7,19.8,1.8,0.1,5.2,0.1,0,0,6.1,0,0,,
Slovenia,2010,3184.435629,0.866508842,98.5895615,79.4219512,29973.69935,29.2,65,0,1.7,0,1.7,0.1,0.1,1.2,0.4,0.2,0.5,,
South Africa,2010,-2108.604258,-0.029427003,96.5637131,57.669,13606.9429,16.2,14.6,12.8,0.3,0.2,1.4,1.6,0.4,2.3,39.7,10.6,0,,
Spain,2010,2791.993023,-0.318043739,120.73542,81.6268293,32434.0032,23.4,72.3,0.9,0.2,0,0.2,0.1,0.2,0,1.6,0.2,0.9,,
Sweden,2010,4148.843109,1.094170451,97.5972366,81.4512195,46312.39238,33.6,1.3,0,0.8,0.1,2.4,0.2,0.1,0,60.5,0.5,0.5,,
Thailand,2010,1095.032208,-1.442788363,85.3351212,74.184,15407.6654,0.4,0.6,0,0,0.1,2.2,0.1,96.1,0,0.3,0,0.2,,
Tunisia,2010,2338.197273,-0.063976362,94.4913788,75.041,10769.9831,0,0,0,0,0,100,0,0,0,0,0,0,,
Ukraine,2010,3338.180877,0.013131719,94.3839493,70.2653659,11111.05176,14.9,6.2,1.8,75,0.4,0.6,0.2,0.3,0.1,0.4,0,0,,
Uruguay,2010,-2244.071751,0.824986041,109.489777,76.75,19130.0614,60.7,23.7,0.3,0,0.2,0,0,0,7.2,7.3,0.5,0.1,,
Uzbekistan,2010,2855.046879,-0.720438123,89.8993607,69.672,6302.647244,0.6,0.1,0.3,3,0.1,95.1,0.2,0.1,0,0,0,0.7,,
Algeria,2011,1934.338134,-1.360560656,101.544518,75.199,13003.26686,0,0,0,0,0,99.5,0,0,0.5,0,0,0,,
Argentina,2011,-2650.710693,0.158993661,106.615471,75.439,19683.77151,16.9,69.6,1.2,0.4,0.3,0.2,0.2,0.5,0,9.7,0,0.9,,
Armenia,2011,2764.767831,-0.063868985,93.2961884,73.572,10036.88984,6.5,0.1,0,90,0.1,0.1,0,0.1,0,2.7,0.3,0,,
Belarus,2011,3705.976683,-0.087769009,105.553452,70.5536585,19008.06102,13.5,10.5,2,72.9,0.2,0.3,0,0,0,0.1,0.6,0,,
Chile,2011,-2461.585143,0.452553362,91.8556595,78.986,22687.25157,23.1,63.8,11.2,0,0.1,0,0.1,0,0,0,1.2,0.5,,
Colombia,2011,315.389892,-1.284655571,103.552948,75.655,13307.4245,21.4,61.3,0.1,0,0,0.1,0,0.1,15.7,0.9,0,0.3,,
Cyprus,2011,2423.722497,0.607984483,93.532547,79.621,30080.23047,6.6,0.7,0.1,67.5,0,24.6,0,0,0,0.5,0,0,,
Ecuador,2011,-126.355491,-0.686557531,98.7572174,75.289,11713.17591,23.5,62.6,0,0,0,0,0,0,11.4,2.4,0,0.1,,
Estonia,2011,4043.073768,0.611041307,106.638107,76.2292683,28945.46533,64.3,2,7.6,23,0,0.2,0,0.1,0,1.2,1.1,0.4,,
Germany,2011,3530.432679,0.842218459,100.87674,80.4365854,47011.55109,30.7,26.6,0,1.7,0.1,5.6,0.2,0.2,32.6,1,0.1,1.1,,
Hong Kong,2011,1545.353532,0.94859612,86.768219,83.4219512,54781.64716,68.5,3.1,0,0,0,0.1,0.1,11.3,15.7,1.1,0,0.1,,
India,2011,1420.964196,-1.32679534,64.6692505,67.13,5233.882343,0.4,0,0,0,0,11,81.9,0.6,1.6,4.5,0,0,,
Kazakhstan,2011,3313.350537,-0.338570565,100.256287,68.69,24726.47287,21,1,0.6,26.7,0.1,50.3,0.1,0.1,0,0.1,0,0,,
Jordan,2011,2110.376316,-0.513562262,79.0463181,73.581,9181.046372,0,1.4,0.4,1.2,0,96.9,0,0,0,0,0,0.1,,
Korea,2011,2477.635233,0.412495643,96.4944305,80.5682927,35324.49767,41.3,15.7,21,0.1,0.1,0.1,0,20.6,0,0.5,0,0.7,,
Malaysia,2011,290.523396,0.077409767,80.6839371,74.683,24607.66873,1.5,0,0,0,0,63.1,7.6,16.9,7.3,3.6,0,0,,
Mexico,2011,1630.780569,-0.667768598,91.3068771,75.011,18056.78981,17.9,69.5,0,0,0,0,0,0,9.3,2.9,0.1,0.1,,
Morocco,2011,2193.627438,-0.392256796,61.5229416,74.696,6609.608887,0,0.2,0.1,0,0.3,99.2,0.1,0,0,0.1,0,0,,
Netherlands,2011,3597.151677,1.113630772,127.385674,81.204878,49233.2154,63.6,17.6,0,0,0.1,2.1,0.3,0.3,0,15.5,0,0.6,,
New Zealand,2011,-2822.138433,1.376731038,121.851448,80.904878,37293.35679,32.3,12.7,0,0.4,0.4,16.3,1.1,0,24.5,9.9,0,2.5,,
Nigeria,2011,626.657931,-1.956454515,41.887989,51.346,5507.169495,8.9,19.1,24.5,2.1,1.7,43,0.1,0,0,0.6,0,0,,
Pakistan,2011,2095.897149,-2.810035467,28.8733501,65.562,4770.644237,0,0,0,0,0,1.6,0.2,0,0.1,97.9,0,0.1,,
Peru,2011,-634.107723,-0.760749698,94.1889572,74.697,11510.27888,10.1,73.4,10.1,0,0,0.1,0.2,0,0.4,4.3,0.2,1.3,,
Poland,2011,3582.441222,1.072062969,95.5844498,76.695122,25475.50469,4.7,92.3,0.2,0.8,0,0,0,0,0,0,0.6,1.4,,
Romania,2011,3170.078109,0.186090663,97.6118393,74.4097561,20657.67329,1.4,3.3,2.9,85.7,0.1,0.2,0,0.1,5.3,0.8,0,0.3,,
Rwanda,2011,-133.879182,-0.17711778,36.2770882,64.523,1706.753166,11.2,55.7,19.8,1.8,0.1,5.2,0.1,0,0,6.1,0,0,,
Slovenia,2011,3184.435629,0.969209671,98.4224625,79.9707317,30870.02367,29.2,65,0,1.7,0,1.7,0.1,0.1,1.2,0.4,0.2,0.5,,
South Africa,2011,-2108.604258,0.02403157,98.8816223,58.895,13602.10264,16.2,14.6,12.8,0.3,0.2,1.4,1.6,0.4,2.3,39.7,10.6,0,,
Spain,2011,2791.993023,0.021104537,121.802269,82.4756098,33525.74063,23.4,72.3,0.9,0.2,0,0.2,0.1,0.2,0,1.6,0.2,0.9,,
Sweden,2011,4148.843109,1.230688095,96.4696503,81.802439,47184.66913,33.6,1.3,0,0.8,0.1,2.4,0.2,0.1,0,60.5,0.5,0.5,,
Thailand,2011,1095.032208,-1.133533716,88.1180725,74.593,15480.21079,0.4,0.6,0,0,0.1,2.2,0.1,96.1,0,0.3,0,0.2,,
Tunisia,2011,2338.197273,-0.353741795,95.2787476,75.206,11024.75012,0,0,0,0,0,100,0,0,0,0,0,0,,
Ukraine,2011,3338.180877,-0.070431463,92.0881882,70.8092683,10743.58594,14.9,6.2,1.8,75,0.4,0.6,0.2,0.3,0.1,0.4,0,0,,
Uzbekistan,2011,2855.046879,-0.599719346,89.8812714,69.91,6494.859941,0.6,0.1,0.3,3,0.1,95.1,0.2,0.1,0,0,0,0.7,,
Argentina,2012,-2650.710693,0.103040546,106.615471,75.598,20105.19899,16.9,69.6,1.2,0.4,0.3,0.2,0.2,0.5,0,9.7,0,0.9,,
Armenia,2012,2764.767831,0.154794976,93.2961884,73.82,9969.664854,6.5,0.1,0,90,0.1,0.1,0,0.1,0,2.7,0.3,0,,
Belarus,2012,3705.976683,0.06861522,105.553452,71.9658537,18095.66518,13.5,10.5,2,72.9,0.2,0.3,0,0,0,0.1,0.6,0,,
Chile,2012,-2461.585143,0.331102103,91.8556595,79.176,22566.17765,23.1,63.8,11.2,0,0.1,0,0.1,0,0,0,1.2,0.5,,
Colombia,2012,315.389892,-1.401810408,103.552948,75.882,13265.79726,21.4,61.3,0.1,0,0,0.1,0,0.1,15.7,0.9,0,0.3,,
Cyprus,2012,2423.722497,0.635126054,93.532547,79.812,31815.27344,6.6,0.7,0.1,67.5,0,24.6,0,0,0,0.5,0,0,,
Ecuador,2012,-126.355491,-0.57030648,98.7572174,75.495,11060.28627,23.5,62.6,0,0,0,0,0,0,11.4,2.4,0,0.1,,
Estonia,2012,4043.073768,0.636465192,106.638107,76.3268293,29175.92593,64.3,2,7.6,23,0,0.2,0,0.1,0,1.2,1.1,0.4,,
Germany,2012,3530.432679,0.775621295,100.87674,80.5390244,47609.781,30.7,26.6,0,1.7,0.1,5.6,0.2,0.2,32.6,1,0.1,1.1,,
Hong Kong,2012,1545.353532,1.006289482,86.768219,83.4804878,56408.93627,68.5,3.1,0,0,0,0.1,0.1,11.3,15.7,1.1,0,0.1,,
India,2012,1420.964196,-1.289309859,64.6692505,67.545,5464.859178,0.4,0,0,0,0,11,81.9,0.6,1.6,4.5,0,0,,
Kazakhstan,2012,3313.350537,-0.408455014,100.256287,69.52,23224.11784,21,1,0.6,26.7,0.1,50.3,0.1,0.1,0,0.1,0,0,,
Jordan,2012,2110.376316,-0.523977637,79.0463181,73.722,9464.682242,0,1.4,0.4,1.2,0,96.9,0,0,0,0,0,0.1,,
Korea,2012,2477.635233,0.267103314,96.4944305,80.8195122,37902.4004,41.3,15.7,21,0.1,0.1,0.1,0,20.6,0,0.5,0,0.7,,
Malaysia,2012,290.523396,-0.005212402,80.6839371,74.877,24801.88843,1.5,0,0,0,0,63.1,7.6,16.9,7.3,3.6,0,0,,
Mexico,2012,1630.780569,-0.662454188,91.3068771,74.966,18301.50047,17.9,69.5,0,0,0,0,0,0,9.3,2.9,0.1,0.1,,
Morocco,2012,2193.627438,-0.470458776,61.5229416,74.97,7024.962891,0,0.2,0.1,0,0.3,99.2,0.1,0,0,0.1,0,0,,
Netherlands,2012,3597.151677,1.187464714,127.385674,81.104878,50288.59139,63.6,17.6,0,0,0.1,2.1,0.3,0.3,0,15.5,0,0.6,,
New Zealand,2012,-2822.138433,1.361365557,121.851448,81.1560976,37479.68298,32.3,12.7,0,0.4,0.4,16.3,1.1,0,24.5,9.9,0,2.5,,
Nigeria,2012,626.657931,-2.042073727,41.887989,51.786,5426.332787,8.9,19.1,24.5,2.1,1.7,43,0.1,0,0,0.6,0,0,,
Pakistan,2012,2095.897149,-2.677003622,28.8733501,65.849,4921.89157,0,0,0,0,0,1.6,0.2,0,0.1,97.9,0,0.1,,
Peru,2012,-634.107723,-0.907364726,94.1889572,74.981,11572.32079,10.1,73.4,10.1,0,0,0.1,0.2,0,0.4,4.3,0.2,1.3,,
Poland,2012,3582.441222,1.04947865,95.5844498,76.7463415,26862.05252,4.7,92.3,0.2,0.8,0,0,0,0,0,0,0.6,1.4,,
Romania,2012,3170.078109,0.082341559,97.6118393,74.4121951,21605.83562,1.4,3.3,2.9,85.7,0.1,0.2,0,0.1,5.3,0.8,0,0.3,,
Rwanda,2012,-133.879182,-0.230615199,36.2770882,65.438,1804.62951,11.2,55.7,19.8,1.8,0.1,5.2,0.1,0,0,6.1,0,0,,
Slovenia,2012,3184.435629,0.935110688,98.4224625,80.1243902,31628.24718,29.2,65,0,1.7,0,1.7,0.1,0.1,1.2,0.4,0.2,0.5,,
South Africa,2012,-2108.604258,-0.0253867,98.8816223,60.06,13701.94539,16.2,14.6,12.8,0.3,0.2,1.4,1.6,0.4,2.3,39.7,10.6,0,,
Spain,2012,2791.993023,-0.029516449,121.802269,82.4268293,34903.12748,23.4,72.3,0.9,0.2,0,0.2,0.1,0.2,0,1.6,0.2,0.9,,
Sweden,2012,4148.843109,1.170597196,96.4696503,81.704878,49103.13343,33.6,1.3,0,0.8,0.1,2.4,0.2,0.1,0,60.5,0.5,0.5,,
Thailand,2012,1095.032208,-1.216630697,88.1180725,74.992,15822.37099,0.4,0.6,0,0,0.1,2.2,0.1,96.1,0,0.3,0,0.2,,
Tunisia,2012,2338.197273,-0.721316934,95.2787476,75.376,10825.1015,0,0,0,0,0,100,0,0,0,0,0,0,,
Ukraine,2012,3338.180877,-0.092274904,92.0881882,70.9441463,10164.32715,14.9,6.2,1.8,75,0.4,0.6,0.2,0.3,0.1,0.4,0,0,,
Uzbekistan,2012,2855.046879,-0.518739343,89.8812714,70.155,6680.184701,0.6,0.1,0.3,3,0.1,95.1,0.2,0.1,0,0,0,0.7,,
Argentina,2013,-2650.710693,0.065314263,107.977142,75.756,20307.87005,16.9,69.6,1.2,0.4,0.3,0.2,0.2,0.5,0,9.7,0,0.9,,
Belarus,2013,3705.976683,0.005959166,105.230331,72.4707317,17785.9432,13.5,10.5,2,72.9,0.2,0.3,0,0,0,0.1,0.6,0,,
Chile,2013,-2461.585143,0.36374253,91.0845871,79.349,23330.77111,23.1,63.8,11.2,0,0.1,0,0.1,0,0,0,1.2,0.5,,
Colombia,2013,315.389892,-1.291971803,99.6059875,76.105,13812.09606,21.4,61.3,0.1,0,0,0.1,0,0.1,15.7,0.9,0,0.3,,
Cyprus,2013,2423.722497,0.563347161,96.1862869,79.999,35719.15234,6.6,0.7,0.1,67.5,0,24.6,0,0,0,0.5,0,0,,
Ecuador,2013,-126.355491,-0.178656712,102.113571,75.707,11034.26918,23.5,62.6,0,0,0,0,0,0,11.4,2.4,0,0.1,,
Estonia,2013,4043.073768,0.748215437,107.134857,77.1414634,31312.7523,64.3,2,7.6,23,0,0.2,0,0.1,0,1.2,1.1,0.4,,
Germany,2013,3530.432679,0.92798388,99.3399811,80.4902439,50579.68393,30.7,26.6,0,1.7,0.1,5.6,0.2,0.2,32.6,1,0.1,1.1,,
Hong Kong,2013,1545.353532,0.922868311,107.412308,83.8317073,57225.09,68.5,3.1,0,0,0,0.1,0.1,11.3,15.7,1.1,0,0.1,,
India,2013,1420.964196,-1.229174137,67.6368637,67.931,5839.864817,0.4,0,0,0,0,11,81.9,0.6,1.6,4.5,0,0,,
Kazakhstan,2013,3313.350537,-0.402473897,102.70826,70.62,23818.82483,21,1,0.6,26.7,0.1,50.3,0.1,0.1,0,0.1,0,0,,
Jordan,2013,2110.376316,-0.606315255,75.2171173,73.851,9445.916863,0,1.4,0.4,1.2,0,96.9,0,0,0,0,0,0.1,,
Korea,2013,2477.635233,0.278578639,97.4740829,81.2707317,39575.45428,41.3,15.7,21,0.1,0.1,0.1,0,20.6,0,0.5,0,0.7,,
Malaysia,2013,290.523396,0.051791593,83.4506912,75.072,25546.12952,1.5,0,0,0,0,63.1,7.6,16.9,7.3,3.6,0,0,,
Mexico,2013,1630.780569,-0.714223802,93.6471634,74.93,19323.66587,17.9,69.5,0,0,0,0,0,0,9.3,2.9,0.1,0.1,,
Morocco,2013,2193.627438,-0.493017614,64.1466675,75.227,7113.004395,0,0.2,0.1,0,0.3,99.2,0.1,0,0,0.1,0,0,,
Netherlands,2013,3597.151677,1.143815398,127.854347,81.304878,52288.41508,63.6,17.6,0,0,0.1,2.1,0.3,0.3,0,15.5,0,0.6,,
New Zealand,2013,-2822.138433,1.453926563,120.652206,81.4073171,39933.57444,32.3,12.7,0,0.4,0.4,16.3,1.1,0,24.5,9.9,0,2.5,,
Nigeria,2013,626.657931,-2.088478327,44.9511108,52.228,5234.679127,8.9,19.1,24.5,2.1,1.7,43,0.1,0,0,0.6,0,0,,
Pakistan,2013,2095.897149,-2.603302002,29.4289207,66.117,4963.526707,0,0,0,0,0,1.6,0.2,0,0.1,97.9,0,0.1,,
Peru,2013,-634.107723,-0.80573976,91.9220276,75.258,12013.37739,10.1,73.4,10.1,0,0,0.1,0.2,0,0.4,4.3,0.2,1.3,,
Poland,2013,3582.441222,0.973354995,95.7179031,77,28322.10698,4.7,92.3,0.2,0.8,0,0,0,0,0,0,0.6,1.4,,
Romania,2013,3170.078109,0.179133072,97.0135193,75.0634146,24271.47002,1.4,3.3,2.9,85.7,0.1,0.2,0,0.1,5.3,0.8,0,0.3,,
Rwanda,2013,-133.879182,-0.110951617,39.6838188,66.219,1882.457397,11.2,55.7,19.8,1.8,0.1,5.2,0.1,0,0,6.1,0,0,,
Slovenia,2013,3184.435629,0.88225168,98.2588882,80.3219512,33936.04406,29.2,65,0,1.7,0,1.7,0.1,0.1,1.2,0.4,0.2,0.5,,
South Africa,2013,-2108.604258,-0.046294536,101.680328,61.099,13748.46142,16.2,14.6,12.8,0.3,0.2,1.4,1.6,0.4,2.3,39.7,10.6,0,,
Spain,2013,2791.993023,0.012017759,123.335991,83.0780488,37286.21343,23.4,72.3,0.9,0.2,0,0.2,0.1,0.2,0,1.6,0.2,0.9,,
Sweden,2013,4148.843109,1.127778053,97.4756317,81.9560976,50430.25282,33.6,1.3,0,0.8,0.1,2.4,0.2,0.1,0,60.5,0.5,0.5,,
Thailand,2013,1095.032208,-1.311682701,86.756012,75.378,16616.195,0.4,0.6,0,0,0.1,2.2,0.1,96.1,0,0.3,0,0.2,,
Ukraine,2013,3338.180877,-0.77728498,95.3786087,71.1595122,11148.19629,14.9,6.2,1.8,75,0.4,0.6,0.2,0.3,0.1,0.4,0,0,,
Uzbekistan,2013,2855.046879,-0.53607899,91.7640076,70.41,6796.904892,0.6,0.1,0.3,3,0.1,95.1,0.2,0.1,0,0,0,0.7,,
Argentina,2014,-2650.710693,-0.005121871,108.980232,75.913,23597.11775,16.9,69.6,1.2,0.4,0.3,0.2,0.2,0.5,0,9.7,0,0.9,,
Armenia,2014,2764.767831,-0.2971358,87.6699295,74.273,12115.13929,6.5,0.1,0,90,0.1,0.1,0,0.1,0,2.7,0.3,0,,
Belarus,2014,3705.976683,0.179782152,104.059799,72.9707317,18356.10077,13.5,10.5,2,72.9,0.2,0.3,0,0,0,0.1,0.6,0,,
Chile,2014,-2461.585143,0.447516918,100.07972,79.504,24411.54477,23.1,63.8,11.2,0,0.1,0,0.1,0,0,0,1.2,0.5,,
Colombia,2014,315.389892,-1.114594102,100.044167,76.322,14171.3205,21.4,61.3,0.1,0,0,0.1,0,0.1,15.7,0.9,0,0.3,,
Cyprus,2014,2423.722497,0.551882088,98.5265274,80.178,38287.96875,6.6,0.7,0.1,67.5,0,24.6,0,0,0,0.5,0,0,,
Ecuador,2014,-126.355491,-0.018533209,104.440742,75.923,11617.91222,23.5,62.6,0,0,0,0,0,0,11.4,2.4,0,0.1,,
Estonia,2014,4043.073768,0.780257881,107.617371,77.0341463,33821.93291,64.3,2,7.6,23,0,0.2,0,0.1,0,1.2,1.1,0.4,,
Germany,2014,3530.432679,0.925186455,98.3072205,81.0902439,53071.45557,30.7,26.6,0,1.7,0.1,5.6,0.2,0.2,32.6,1,0.1,1.1,,
Hong Kong,2014,1545.353532,1.153228521,100.771713,83.9804878,59842.213,68.5,3.1,0,0,0,0.1,0.1,11.3,15.7,1.1,0,0.1,,
India,2014,1420.964196,-0.99791199,69.4817734,68.286,6182.922109,0.4,0,0,0,0,11,81.9,0.6,1.6,4.5,0,0,,
Kazakhstan,2014,3313.350537,0.036018156,103.877441,71.44,24862.96612,21,1,0.6,26.7,0.1,50.3,0.1,0.1,0,0.1,0,0,,
Jordan,2014,2110.376316,-0.540025532,71.8535309,73.969,10003.57498,0,1.4,0.4,1.2,0,96.9,0,0,0,0,0,0.1,,
Korea,2014,2477.635233,0.108568802,99.0962524,81.7219512,40957.41806,41.3,15.7,21,0.1,0.1,0.1,0,20.6,0,0.5,0,0.7,,
Malaysia,2014,290.523396,0.266619146,84.4300232,75.268,26661.50742,1.5,0,0,0,0,63.1,7.6,16.9,7.3,3.6,0,0,,
Mexico,2014,1630.780569,-0.853918791,95.947052,74.908,19721.26098,17.9,69.5,0,0,0,0,0,0,9.3,2.9,0.1,0.1,,
New Zealand,2014,-2822.138433,1.467927575,119.194321,81.404878,42218.53771,32.3,12.7,0,0.4,0.4,16.3,1.1,0,24.5,9.9,0,2.5,,
Nigeria,2014,626.657931,-2.130276442,53.5122108,52.672,5190.356127,8.9,19.1,24.5,2.1,1.7,43,0.1,0,0,0.6,0,0,,
Pakistan,2014,2095.897149,-2.401279211,30.2607899,66.36,5091.087164,0,0,0,0,0,1.6,0.2,0,0.1,97.9,0,0.1,,
Peru,2014,-634.107723,-0.550656915,97.6459503,75.529,12506.52938,10.1,73.4,10.1,0,0,0.1,0.2,0,0.4,4.3,0.2,1.3,,
Poland,2014,3582.441222,0.842940807,105.353569,77.602439,30064.50348,4.7,92.3,0.2,0.8,0,0,0,0,0,0,0.6,1.4,,
Romania,2014,3170.078109,0.049136128,96.0302277,74.9097561,27141.90093,1.4,3.3,2.9,85.7,0.1,0.2,0,0.1,5.3,0.8,0,0.3,,
Rwanda,2014,-133.879182,-0.313469648,42.2042198,66.884,1975.248661,11.2,55.7,19.8,1.8,0.1,5.2,0.1,0,0,6.1,0,0,,
Slovenia,2014,3184.435629,0.965773404,111.364799,81.0780488,36507.55304,29.2,65,0,1.7,0,1.7,0.1,0.1,1.2,0.4,0.2,0.5,,
Spain,2014,2791.993023,0.243121743,123.358856,83.2292683,39528.92539,23.4,72.3,0.9,0.2,0,0.2,0.1,0.2,0,1.6,0.2,0.9,,
Sweden,2014,4148.843109,1.065414786,136.870285,82.2536585,51947.95425,33.6,1.3,0,0.8,0.1,2.4,0.2,0.1,0,60.5,0.5,0.5,,
Thailand,2014,1095.032208,-0.906386316,85.7204514,75.747,17422.95235,0.4,0.6,0,0,0.1,2.2,0.1,96.1,0,0.3,0,0.2,,
Ukraine,2014,3338.180877,-2.020833492,95.0410995,71.1865854,11860.56055,14.9,6.2,1.8,75,0.4,0.6,0.2,0.3,0.1,0.4,0,0,,
Uzbekistan,2014,2855.046879,-0.273108631,91.3545227,70.671,6840.70986,0.6,0.1,0.3,3,0.1,95.1,0.2,0.1,0,0,0,0.7,,
Argentina,2015,-2650.710693,0.01478538,109.598106,76.068,23290.67574,16.9,69.6,1.2,0.4,0.3,0.2,0.2,0.5,0,9.7,0,0.9,,
Armenia,2015,2764.767831,-0.252332628,88.4213791,74.467,13018.87429,6.5,0.1,0,90,0.1,0.1,0,0.1,0,2.7,0.3,0,,
Belarus,2015,3705.976683,0.110016517,104.471619,73.6243902,19428.00746,13.5,10.5,2,72.9,0.2,0.3,0,0,0,0.1,0.6,0,,
Chile,2015,-2461.585143,0.433439225,101.118477,79.646,25526.70552,23.1,63.8,11.2,0,0.1,0,0.1,0,0,0,1.2,0.5,,
Colombia,2015,315.389892,-1.069146633,98.7378311,76.531,15044.05534,21.4,61.3,0.1,0,0,0.1,0,0.1,15.7,0.9,0,0.3,,
Cyprus,2015,2423.722497,0.550866485,99.4556885,80.35,40559.125,6.6,0.7,0.1,67.5,0,24.6,0,0,0,0.5,0,0,,
Ecuador,2015,-126.355491,-0.143955871,107.169792,76.143,11837.95927,23.5,62.6,0,0,0,0,0,0,11.4,2.4,0,0.1,,
Estonia,2015,4043.073768,0.620919824,108.07283,77.5902439,36249.35815,64.3,2,7.6,23,0,0.2,0,0.1,0,1.2,1.1,0.4,,
Germany,2015,3530.432679,0.699824274,97.2517929,80.6414634,55235.3663,30.7,26.6,0,1.7,0.1,5.6,0.2,0.2,32.6,1,0.1,1.1,,
Hong Kong,2015,1545.353532,1.04629457,100.504272,84.2780488,62513.95527,68.5,3.1,0,0,0,0.1,0.1,11.3,15.7,1.1,0,0.1,,
India,2015,1420.964196,-0.948493361,75.0392609,68.607,6669.622784,0.4,0,0,0,0,11,81.9,0.6,1.6,4.5,0,0,,
Kazakhstan,2015,3313.350537,-0.035000283,107.951218,71.97,26154.60194,21,1,0.6,26.7,0.1,50.3,0.1,0.1,0,0.1,0,0,,
Jordan,2015,2110.376316,-0.605778575,70.3333435,74.078,10252.61882,0,1.4,0.4,1.2,0,96.9,0,0,0,0,0,0.1,,
Korea,2015,2477.635233,0.16101411,99.6125717,82.0243902,43044.29176,41.3,15.7,21,0.1,0.1,0.1,0,20.6,0,0.5,0,0.7,,
Malaysia,2015,290.523396,0.258957565,88.8246613,75.461,28236.20719,1.5,0,0,0,0,63.1,7.6,16.9,7.3,3.6,0,0,,
Mexico,2015,1630.780569,-0.798699081,100.053467,74.904,20096.15665,17.9,69.5,0,0,0,0,0,0,9.3,2.9,0.1,0.1,,
New Zealand,2015,-2822.138433,1.525453329,119.092361,81.4568293,42520.75442,32.3,12.7,0,0.4,0.4,16.3,1.1,0,24.5,9.9,0,2.5,,
Nigeria,2015,626.657931,-1.925442815,43.0058212,53.112,5278.231321,8.9,19.1,24.5,2.1,1.7,43,0.1,0,0,0.6,0,0,,
Pakistan,2015,2095.897149,-2.482707977,32.8369713,66.577,5420.695792,0,0,0,0,0,1.6,0.2,0,0.1,97.9,0,0.1,,
Peru,2015,-634.107723,-0.397571415,96.300087,75.792,13086.79035,10.1,73.4,10.1,0,0,0.1,0.2,0,0.4,4.3,0.2,1.3,,
Poland,2015,3582.441222,0.874852359,104.781631,77.4512195,31953.03503,4.7,92.3,0.2,0.8,0,0,0,0,0,0,0.6,1.4,,
Romania,2015,3170.078109,0.189114437,94.207428,74.9121951,29342.04115,1.4,3.3,2.9,85.7,0.1,0.2,0,0.1,5.3,0.8,0,0.3,,
Rwanda,2015,-133.879182,0.013241149,41.9104881,67.45,2138.649927,11.2,55.7,19.8,1.8,0.1,5.2,0.1,0,0,6.1,0,0,,
Slovenia,2015,3184.435629,0.953392744,110.873062,80.7756098,38961.54435,29.2,65,0,1.7,0,1.7,0.1,0.1,1.2,0.4,0.2,0.5,,
South Africa,2015,-2108.604258,-0.212992936,112.82489,62.649,14207.43285,16.2,14.6,12.8,0.3,0.2,1.4,1.6,0.4,2.3,39.7,10.6,0,,
Spain,2015,2791.993023,0.251491189,123.433479,82.8317073,40696.38768,23.4,72.3,0.9,0.2,0,0.2,0.1,0.2,0,1.6,0.2,0.9,,
Sweden,2015,4148.843109,0.947106421,141.641434,82.204878,53521.63064,33.6,1.3,0,0.8,0.1,2.4,0.2,0.1,0,60.5,0.5,0.5,,
Thailand,2015,1095.032208,-0.99442929,123.606117,76.091,18533.96473,0.4,0.6,0,0,0.1,2.2,0.1,96.1,0,0.3,0,0.2,,
Ukraine,2015,3338.180877,-1.961800098,95.0315323,71.1895122,12631.65723,14.9,6.2,1.8,75,0.4,0.6,0.2,0.3,0.1,0.4,0,0,,
Uzbekistan,2015,2855.046879,-0.373036414,91.4748306,70.928,7252.137355,0.6,0.1,0.3,3,0.1,95.1,0.2,0.1,0,0,0,0.7,,
Argentina,2016,-2650.710693,0.204625502,110.158409,76.221,22997.39176,16.9,69.6,1.2,0.4,0.3,0.2,0.2,0.5,0,9.7,0,0.9,,
Armenia,2016,2764.767831,-0.662263811,88.3332367,74.64,14230.01487,6.5,0.1,0,90,0.1,0.1,0,0.1,0,2.7,0.3,0,,
Belarus,2016,3705.976683,0.142281473,104.637581,73.8268293,20092.88037,13.5,10.5,2,72.9,0.2,0.3,0,0,0,0.1,0.6,0,,
Chile,2016,-2461.585143,0.413110524,102.118462,79.779,25322.71106,23.1,63.8,11.2,0,0.1,0,0.1,0,0,0,1.2,0.5,,
Colombia,2016,315.389892,-0.882459342,98.1256409,76.732,15673.09435,21.4,61.3,0.1,0,0,0.1,0,0.1,15.7,0.9,0,0.3,,
Cyprus,2016,2423.722497,0.604254723,99.4092102,80.513,42338.87891,6.6,0.7,0.1,67.5,0,24.6,0,0,0,0.5,0,0,,
Ecuador,2016,-126.355491,-0.085357964,106.178703,76.365,11850.49495,23.5,62.6,0,0,0,0,0,0,11.4,2.4,0,0.1,,
Estonia,2016,4043.073768,0.673907757,110.783569,77.6414634,37851.30077,64.3,2,7.6,23,0,0.2,0,0.1,0,1.2,1.1,0.4,,
Germany,2016,3530.432679,0.681363404,96.3832321,80.9902439,55652.88749,30.7,26.6,0,1.7,0.1,5.6,0.2,0.2,32.6,1,0.1,1.1,,
Hong Kong,2016,1545.353532,0.750807106,101.367012,84.2268293,62103.41335,68.5,3.1,0,0,0,0.1,0.1,11.3,15.7,1.1,0,0.1,,
India,2016,1420.964196,-0.953839839,74.6852875,68.897,6971.687276,0.4,0,0,0,0,11,81.9,0.6,1.6,4.5,0,0,,
Kazakhstan,2016,3313.350537,0.008457476,112.235878,72.41,27463.97155,21,1,0.6,26.7,0.1,50.3,0.1,0.1,0,0.1,0,0,,
Korea,2016,2477.635233,0.163468957,99.6557999,82.2756098,42998.38824,41.3,15.7,21,0.1,0.1,0.1,0,20.6,0,0.5,0,0.7,,
Malaysia,2016,290.523396,0.136824623,88.6829529,75.649,29620.97866,1.5,0,0,0,0,63.1,7.6,16.9,7.3,3.6,0,0,,
Mexico,2016,1630.780569,-0.629069388,104.093781,74.917,19862.5632,17.9,69.5,0,0,0,0,0,0,9.3,2.9,0.1,0.1,,
Netherlands,2016,3597.151677,0.912267506,134.587891,81.5609756,59004.32497,63.6,17.6,0,0,0.1,2.1,0.3,0.3,0,15.5,0,0.6,,
New Zealand,2016,-2822.138433,1.519183397,118.139168,81.612439,45554.8094,32.3,12.7,0,0.4,0.4,16.3,1.1,0,24.5,9.9,0,2.5,,
Nigeria,2016,626.657931,-1.877709866,44.6719818,53.541,5352.241119,8.9,19.1,24.5,2.1,1.7,43,0.1,0,0,0.6,0,0,,
Pakistan,2016,2095.897149,-2.483173132,34.8973198,66.77,5542.208851,0,0,0,0,0,1.6,0.2,0,0.1,97.9,0,0.1,,
Peru,2016,-634.107723,-0.201726943,97.3866577,76.044,13401.00669,10.1,73.4,10.1,0,0,0.1,0.2,0,0.4,4.3,0.2,1.3,,
Poland,2016,3582.441222,0.507241964,105.67675,77.8512195,33797.76736,4.7,92.3,0.2,0.8,0,0,0,0,0,0,0.6,1.4,,
Romania,2016,3170.078109,0.277196616,92.9453964,75.2097561,31867.26319,1.4,3.3,2.9,85.7,0.1,0.2,0,0.1,5.3,0.8,0,0.3,,
Rwanda,2016,-133.879182,-0.054899283,39.3924484,67.93,2321.526953,11.2,55.7,19.8,1.8,0.1,5.2,0.1,0,0,6.1,0,0,,
Slovenia,2016,3184.435629,0.990436018,111.001793,81.1756098,40670.87787,29.2,65,0,1.7,0,1.7,0.1,0.1,1.2,0.4,0.2,0.5,,
South Africa,2016,-2108.604258,-0.14150399,108.751663,63.153,14288.58989,16.2,14.6,12.8,0.3,0.2,1.4,1.6,0.4,2.3,39.7,10.6,0,,
Spain,2016,2791.993023,0.413188279,124.562622,83.3292683,41695.14695,23.4,72.3,0.9,0.2,0,0.2,0.1,0.2,0,1.6,0.2,0.9,,
Sweden,2016,4148.843109,1.017940879,149.977798,82.3073171,54598.78035,33.6,1.3,0,0.8,0.1,2.4,0.2,0.1,0,60.5,0.5,0.5,,
Thailand,2016,1095.032208,-0.988581419,118.224449,76.403,19216.84294,0.4,0.6,0,0,0.1,2.2,0.1,96.1,0,0.3,0,0.2,,
Uzbekistan,2016,2855.046879,-0.272570699,91.2884521,71.171,7658.27241,0.6,0.1,0.3,3,0.1,95.1,0.2,0.1,0,0,0,0.7,,
Albania,2017,2839.579908,0.378474772,94.7128983,78.333,12770.96429,6,10.5,0.4,5.4,0,77,0,0,0,0.6,0,0.1,,
Argentina,2017,-2650.710693,0.169504255,111.033463,76.372,23597.11775,17.3,69,3.3,0,0.1,0,0.1,0.1,0,9.8,0,0.3,,
Australia,2017,-1743.933462,0.896060824,141.165375,82.5,48398.5497,51.8,18.3,0,2.3,0.9,1.7,1.4,2.6,17.4,1.3,0,2.3,,
Austria,2017,3278.619939,1.046832561,98.3281021,81.6439024,54172.98679,26.7,61.3,4.3,1.7,0,4.6,0,0,0,1.2,0,0.2,,
Bangladesh,2017,1634.264586,-1.256080747,75.2174911,72.052,4894.563365,0,0,0,0,0,90.1,9.1,0.8,0,0,0,0,,
Bolivia,2017,-1124.020626,-0.278028756,89.3130264,70.945,8423.69756,14.8,59.3,10.1,0,0.1,0,0,0,0,12.8,1.4,1.5,,
Brazil,2017,-982.215276,-0.473864615,102.906319,75.456,14524.61354,17,46.1,28.1,0,0.1,0,0,0.1,2.9,3.5,0.8,1.4,,
Bulgaria,2017,2948.637927,0.332049906,96.8239899,74.8146341,21469.94544,25.7,0.8,0.2,58.9,0,13.2,0,0,0,0.3,0,0.9,,
Myanmar,2017,1512.063585,-1.084839106,67.108223,66.558,4224.545031,7.4,0.5,1.8,0,0,3.6,0.8,85.9,0,0,0,0,,
Belarus,2017,3705.976683,-0.053483382,102.694519,74.1292683,18356.10077,34.8,5.2,1.3,58.1,0.2,0,0,0,0,0.4,0,0,,
Canada,2017,3872.995254,1.102062702,114.520638,81.9,48317.17458,44.3,27.8,14.4,2.2,1.8,2.2,0.9,1,1.6,3.8,0,0,,
Chile,2017,-2461.585143,0.417135537,102.028419,79.909,24411.54477,25.7,55.8,7.9,0.1,0.5,0,0.4,0.1,0,4.6,1.1,3.7,,
Colombia,2017,315.389892,-0.772707641,98.4574966,76.925,14171.3205,46.5,39.4,0.5,0,0,0,0,0,13.6,0.1,0,0,,
Croatia,2017,3111.9,0.69203192,101.823532,77.8268293,27154.08469,19,79.4,0.2,0.5,0.2,0.3,0,0,0,0.3,0,0.2,,
Cyprus,2017,2423.722497,0.53786546,99.5304489,80.672,38287.96875,1.5,0.4,0,71.5,0,26.2,0,0,0,0,0.1,0.3,,
Czechia,2017,3437.406948,1.000036478,103.870018,78.9780488,38824.88792,75.9,18.2,1.6,0.6,0.2,0.1,0,0,0,2.2,0.3,0.8,,
Denmark,2017,3882.21048,0.868414879,129.796188,81.102439,55356.68078,18.5,0,78.1,0,0,0.9,0,0.2,0,2.4,0,0,,
Ecuador,2017,-126.355491,-0.074853867,103.646408,76.584,11617.91222,35.4,50.7,0.8,0.1,0,0,0,0,10.7,0.6,0.7,0.9,,
Estonia,2017,4043.073768,0.649775386,118.220169,78.0926829,33821.93291,80.7,0.5,5.9,9.7,0,0.2,0,0,0,2.6,0,0.4,,
Finland,2017,4272.76359,1.080909133,161.511963,81.6317073,47570.13358,26.8,0,70.9,0.7,0,0,0,0,0.3,0.9,0,0.4,,
France,2017,3189.707022,0.27907759,104.159187,82.5756098,44577.06457,58.1,32,0.9,0.5,0.3,5.8,0.1,0.3,0.9,0.9,0,0.2,,
Georgia,2017,2919.763083,-0.370796114,103.958717,73.414,13589.70739,5.7,1.3,0.2,82.4,0,9.5,0,0,0,0.9,0,0,,
Germany,2017,3530.432679,0.587721467,95.2235031,80.9926829,53071.45557,35.8,27.7,26.7,1.3,0,4.4,0,0,2,1.9,0,0.3,,
Greece,2017,2696.120352,-0.073572554,101.369293,81.2878049,28604.86094,3.8,0.5,0.1,91,0.2,2.9,0.2,0,0,0.4,0.1,1,,
Guatemala,2017,1089.059499,-0.650674939,51.4775581,73.81,8322.21681,12.7,48.9,35.3,0.1,0.1,0.1,0.2,0.3,1.3,0.1,0,1,,
Hong Kong,2017,1545.353532,0.829483867,103.665932,84.6804878,59842.213,71.3,4.1,14.5,0.1,0,0.3,0.3,8.5,0.7,0,0,0.2,,
Hungary,2017,3254.212086,0.80656302,103.567238,75.8170732,29501.12042,55.7,32.6,10.3,0.3,0,0,0,0,0.3,0.5,0.1,0.3,,
Iceland,2017,4482.450519,1.34830904,116.899879,82.6609756,55638.49206,18.2,1.6,70.5,0.1,0,0,0,0.4,7,2.2,0,0,,
Indonesia,2017,-54.459975,-0.497903407,88.1519699,71.282,10935.63172,0,3,4.8,0,0.1,89.7,2,0.3,0,0.4,0,0,,
Iran,2017,2237.525652,-0.934016049,84.6544418,76.271,15883.39425,2.1,0,0,0,0,96.6,0,0,0.1,0,0,1.2,,
Italy,2017,2889.16386,0.306821197,100.900711,82.9463415,41581.12079,22.5,73.6,0.4,0.2,0,0.8,0.1,0.5,1.1,0.2,0.1,0.5,,
Kazakhstan,2017,3313.350537,0.028801313,114.73275,72.95,24862.96612,8.3,0.5,0,18.6,0,67.6,0,0.6,0,0,2.3,2.1,,
Jordan,2017,2110.376316,-0.451625288,63.6136818,74.292,10003.57498,0,0,0,0,0,98.3,0,0,1.7,0,0,0,,
Korea,2017,2477.635233,0.385621011,100.001289,82.6268293,40957.41806,64,6.8,14.9,0.2,0,0,0,14,0,0.2,0,0,,
Latvia,2017,3924.694815,0.462217093,110.162521,74.6292683,28673.5634,51.3,17.1,16.8,13.7,0,0,0,0,0,1,0,0,,
Lithuania,2017,3806.691222,0.775797248,106.040871,75.4804878,33761.87124,14.1,80.1,1,4.3,0,0,0,0,0,0.1,0,0.5,,
Malaysia,2017,290.523396,0.116410345,87.9516678,75.828,26661.50742,2,0,0,0,0,57.8,4.8,17.4,17.4,0.7,0,0,,
Mexico,2017,1630.780569,-0.797446549,108.219902,74.947,19721.26098,12.1,75.3,6.5,0.5,0.1,0,0.5,0.2,0,0,0.1,4.6,,
Montenegro,2017,2946.898782,-0.057744302,90.5416031,76.4853659,19682.2652,27.6,2.8,0,49.9,0,16.7,0,0,0,1.2,0.1,1.5,,
Morocco,2017,2193.627438,-0.373987466,75.332222,76.218,7312.056641,1.3,0,0,0,0,98.7,0,0,0,0,0,0,,
Netherlands,2017,3597.151677,0.921112537,136.516907,81.7609756,55088.6338,59.4,16.2,12.4,0,0.1,3,1.1,0.2,0,2.7,0.5,0.9,,
New Zealand,2017,-2822.138433,1.595223069,118.2183,81.6585366,42218.53771,45.2,10.2,0,0.1,0.2,0.7,1,0.7,34,1.6,0,0,,
Norway,2017,4172.569656,1.170478702,114.223984,82.6097561,64050.75617,36,2.9,52.5,0.9,0,2,0.4,0.2,4.2,0.9,0,0,,
Pakistan,2017,2095.897149,-2.40630579,36.0808907,66.947,5091.087164,0,0,0,0,0,98.3,0.8,0,0,0.7,0,0.2,,
Peru,2017,-634.107723,-0.259545833,102.530388,76.286,12506.52938,2.8,76.2,14.1,0,0,0,0.1,0,2.6,3.7,0.3,0.3,,
Philippines,2017,888.700749,-1.18508029,90.6489792,70.952,8120.868793,2.7,77.6,0.6,0,0,5.6,0,0,13.1,0,0,0.4,,
Poland,2017,3582.441222,0.518378258,108.076042,77.7536585,30064.50348,9.2,88.7,0.7,0.6,0,0,0,0,0,0.6,0,0.1,,
Portugal,2017,2718.591168,1.118587017,118.70002,81.4243902,33044.71674,24.6,69.1,3.4,0.4,0,0.6,0,0,0,1.8,0,0.1,,
Romania,2017,3170.078109,0.056402251,91.4331665,75.3097561,27141.90093,3.7,4.5,5.2,85.4,0,0.2,0,0,0,0,0,0.9,,
Russia,2017,4245.15669,-0.640630484,102.055923,72.4514634,25926.44336,39,0.1,0.2,49.6,0,7.9,0.2,0.2,0,0.5,1.2,1.1,,
Serbia,2017,3037.139949,0.086855382,95.8786926,75.5390244,16611.02374,25.8,2.7,0.6,69.4,0,0.8,0,0,0,0.3,0,0.3,,
Singapore,2017,93.293727,1.615669966,107.000237,83.095122,95310.33386,23.8,6.8,16.8,0,0.2,14,5,25.8,0,7.5,0,0,,
Slovenia,2017,3184.435629,0.873399794,117.059029,81.0292683,36507.55304,35.6,56.6,0.3,2.8,0,3.3,0,0.1,0,0.7,0,0.6,,
Spain,2017,2791.993023,0.282884181,126.880203,83.2829268,39528.92539,37.5,38.7,0.4,0.7,0.1,1.8,0.1,0.1,0,20.7,0,0,,
Sweden,2017,4148.843109,0.984416783,157.907013,82.4097561,51947.95425,38.5,0.9,54,1.1,0.2,0.9,0,0,4.2,0.1,0,0.1,,
Thailand,2017,1095.032208,-0.75284487,114.378532,76.683,17422.95235,0,0.5,0.1,1.7,0,7.1,0,90.7,0,0,0,0,,
North Macedonia,2017,2870.995815,-0.254332393,80.3052063,75.9536585,15706.44417,8,0.6,0.3,59.1,0,31.5,0,0,0,0.2,0,0.4,,
United Kingdom,2017,3821.085519,0.38615787,127.709969,81.2560976,46372.3866,61.4,7.6,15.2,0,0.4,4.4,1.6,0.2,8.4,0.6,0,0.1,,
United States,2017,2559.22656,0.291817456,98.6955566,78.5390244,59914.7778,44.2,23.1,20,0.6,1.9,0.8,0.5,1.1,3.5,1.6,0,2.8,,
Albania,2018,2839.579908,0.370515645,95.7046509,78.458,13498.13817,6,10.5,0.4,5.4,0,77,0,0,0,0.6,0,0.1,,
Argentina,2018,-2650.710693,0.010891375,109.949219,76.52,23290.67574,17.3,69,3.3,0,0.1,0,0.1,0.1,0,9.8,0,0.3,,
Australia,2018,-1743.933462,0.989603996,128.636002,82.7487805,50169.18729,51.8,18.3,0,2.3,0.9,1.7,1.4,2.6,17.4,1.3,0,2.3,,
Austria,2018,3278.619939,0.902334034,98.0779877,81.6926829,56960.09143,26.7,61.3,4.3,1.7,0,4.6,0,0,0,1.2,0,0.2,,
Bangladesh,2018,1634.264586,-0.995678365,78.2707291,72.32,5321.940225,0,0,0,0,0,90.1,9.1,0.8,0,0,0,0,,
Bolivia,2018,-1124.020626,-0.287118524,88.7582703,71.239,8862.313088,14.8,59.3,10.1,0,0.1,0,0,0,0,12.8,1.4,1.5,,
Brazil,2018,-982.215276,-0.440423459,106.663322,75.672,15018.6824,17,46.1,28.1,0,0.1,0,0,0.1,2.9,3.5,0.8,1.4,,
Bulgaria,2018,2948.637927,0.456277937,95.1864166,74.9634146,23016.09064,25.7,0.8,0.2,58.9,0,13.2,0,0,0,0.3,0,0.9,,
Myanmar,2018,1512.063585,-1.268852711,71.2975311,66.867,4574.596178,7.4,0.5,1.8,0,0,3.6,0.8,85.9,0,0,0,0,,
Belarus,2018,3705.976683,0.348057151,101.690742,74.1756098,19428.00746,34.8,5.2,1.3,58.1,0.2,0,0,0,0,0.4,0,0,,
Canada,2018,3872.995254,0.979125917,114.747681,82.0487805,49992.76228,44.3,27.8,14.4,2.2,1.8,2.2,0.9,1,1.6,3.8,0,0,,
Chile,2018,-2461.585143,0.427360177,102.389381,80.042,25526.70552,25.7,55.8,7.9,0.1,0.5,0,0.4,0.1,0,4.6,1.1,3.7,,
Colombia,2018,315.389892,-0.796931744,100.091454,77.109,15044.05534,46.5,39.4,0.5,0,0,0,0,0,13.6,0.1,0,0,,
Croatia,2018,3111.9,0.802806497,102.458481,78.0707317,28877.23828,19,79.4,0.2,0.5,0.2,0.3,0,0,0,0.3,0,0.2,,
Cyprus,2018,2423.722497,0.491742969,98.9669724,80.828,40559.125,1.5,0.4,0,71.5,0,26.2,0,0,0,0,0.1,0.3,,
Czechia,2018,3437.406948,1.031982183,102.51844,79.0292683,41135.49298,75.9,18.2,1.6,0.6,0.2,0.1,0,0,0,2.2,0.3,0.8,,
Denmark,2018,3882.21048,0.946250618,129.706055,80.9536585,57482.9624,18.5,0,78.1,0,0,0.9,0,0.2,0,2.4,0,0,,
Ecuador,2018,-126.355491,-0.089277692,102.844116,76.8,11837.95927,35.4,50.7,0.8,0.1,0,0,0,0,10.7,0.6,0.7,0.9,,
Estonia,2018,4043.073768,0.587392688,118.341637,78.2439024,36249.35815,80.7,0.5,5.9,9.7,0,0.2,0,0,0,2.6,0,0.4,,
Finland,2018,4272.76359,0.908358991,162.63884,81.7341463,49580.6052,26.8,0,70.9,0.7,0,0,0,0,0.3,0.9,0,0.4,,
France,2018,3189.707022,0.029155735,104.071129,82.6756098,46576.60185,58.1,32,0.9,0.5,0.3,5.8,0.1,0.3,0.9,0.9,0,0.2,,
Georgia,2018,2919.763083,-0.44157356,106.77726,73.6,14593.92448,5.7,1.3,0.2,82.4,0,9.5,0,0,0,0.9,0,0,,
Germany,2018,3530.432679,0.591275334,94.5529709,80.8926829,55235.3663,35.8,27.7,26.7,1.3,0,4.4,0,0,2,1.9,0,0.3,,
Greece,2018,2696.120352,0.165943772,102.052361,81.7878049,29617.54834,3.8,0.5,0.1,91,0.2,2.9,0.2,0,0,0.4,0.1,1,,
Guatemala,2018,1089.059499,-0.538353622,51.438179,74.063,8664.33432,12.7,48.9,35.3,0.1,0.1,0.1,0.2,0.3,1.3,0.1,0,1,,
Hong Kong,2018,1545.353532,0.783555508,105.795113,84.9341463,62513.95527,71.3,4.1,14.5,0.1,0,0.3,0.3,8.5,0.7,0,0,0.2,,
Hungary,2018,3254.212086,0.747175932,103.68013,76.0658537,31913.07466,55.7,32.6,10.3,0.3,0,0,0,0,0.3,0.5,0.1,0.3,,
Iceland,2018,4482.450519,1.406389832,117.344856,82.8609756,57211.30031,18.2,1.6,70.5,0.1,0,0,0,0.4,7,2.2,0,0,,
Indonesia,2018,-54.459975,-0.545908093,90.0409393,71.509,11643.39732,0,3,4.8,0,0.1,89.7,2,0.3,0,0.4,0,0,,
Italy,2018,2889.16386,0.342383802,100.627792,83.3463415,43036.24378,22.5,73.6,0.4,0.2,0,0.8,0.1,0.5,1.1,0.2,0.1,0.5,,
Kazakhstan,2018,3313.350537,-0.045263644,114.718071,73.15,26154.60194,8.3,0.5,0,18.6,0,67.6,0,0.6,0,0,2.3,2.1,,
Jordan,2018,2110.376316,-0.388832629,64.15522,74.405,10252.61882,0,0,0,0,0,98.3,0,0,1.7,0,0,0,,
Korea,2018,2477.635233,0.637072742,98.1410828,82.6268293,43044.29176,64,6.8,14.9,0.2,0,0,0,14,0,0.2,0,0,,
Latvia,2018,3924.694815,0.407373458,108.584572,74.7829268,30877.04193,51.3,17.1,16.8,13.7,0,0,0,0,0,1,0,0,,
Lithuania,2018,3806.691222,0.741042197,106.193626,75.6804878,36376.18982,14.1,80.1,1,4.3,0,0,0,0,0,0.1,0,0.5,,
Malaysia,2018,290.523396,0.251568764,85.4141312,75.997,28236.20719,2,0,0,0,0,57.8,4.8,17.4,17.4,0.7,0,0,,
Mexico,2018,1630.780569,-0.648208022,109.587608,74.992,20096.15665,12.1,75.3,6.5,0.5,0.1,0,0.5,0.2,0,0,0.1,4.6,,
Montenegro,2018,2946.898782,0.044278473,90.5242996,76.8414634,21513.29975,27.6,2.8,0,49.9,0,16.7,0,0,0,1.2,0.1,1.5,,
Morocco,2018,2193.627438,-0.345210612,76.581192,76.453,7624.844238,1.3,0,0,0,0,98.7,0,0,0,0,0,0,,
Netherlands,2018,3597.151677,0.85426724,135.008316,81.8121951,57826.6285,59.4,16.2,12.4,0,0.1,3,1.1,0.2,0,2.7,0.5,0.9,,
New Zealand,2018,-2822.138433,1.533905268,118.160431,81.8585366,42520.75442,45.2,10.2,0,0.1,0.2,0.7,1,0.7,34,1.6,0,0,,
Norway,2018,4172.569656,1.141178608,114.707901,82.7585366,69808.32941,36,2.9,52.5,0.9,0,2,0.4,0.2,4.2,0.9,0,0,,
Pakistan,2018,2095.897149,-2.269401312,39.1479912,67.114,5420.695792,0,0,0,0,0,98.3,0.8,0,0,0.7,0,0.2,,
Peru,2018,-634.107723,-0.27044335,103.639091,76.516,13086.79035,2.8,76.2,14.1,0,0,0,0.1,0,2.6,3.7,0.3,0.3,,
Philippines,2018,888.700749,-1.092061639,88.6372528,71.095,8719.587979,2.7,77.6,0.6,0,0,5.6,0,0,13.1,0,0,0.4,,
Poland,2018,3582.441222,0.492541552,110.328438,77.602439,31953.03503,9.2,88.7,0.7,0.6,0,0,0,0,0,0.6,0,0.1,,
Portugal,2018,2718.591168,1.129284501,120.573669,81.3243902,34928.54353,24.6,69.1,3.4,0.4,0,0.6,0,0,0,1.8,0,0.1,,
Romania,2018,3170.078109,0.046884775,89.1825867,75.3585366,29342.04115,3.7,4.5,5.2,85.4,0,0.2,0,0,0,0,0,0.9,,
Russia,2018,4245.15669,-0.541188955,102.168159,72.6621951,28821.26172,39,0.1,0.2,49.6,0,7.9,0.2,0.2,0,0.5,1.2,1.1,,
Serbia,2018,3037.139949,0.008951124,95.5646591,75.8902439,17717.9058,25.8,2.7,0.6,69.4,0,0.8,0,0,0,0.3,0,0.3,,
Singapore,2018,93.293727,1.487936497,105.323433,83.297561,100686.2371,23.8,6.8,16.8,0,0.2,14,5,25.8,0,7.5,0,0,,
Slovenia,2018,3184.435629,0.901137114,115.907738,81.3780488,38961.54435,35.6,56.6,0.3,2.8,0,3.3,0,0.1,0,0.7,0,0.6,,
Spain,2018,2791.993023,0.287804037,127.382332,83.4317073,40696.38768,37.5,38.7,0.4,0.7,0.1,1.8,0.1,0.1,0,20.7,0,0,,
Sweden,2018,4148.843109,0.940556705,156.674957,82.5585366,53521.63064,38.5,0.9,54,1.1,0.2,0.9,0,0,4.2,0.1,0,0.1,,
Thailand,2018,1095.032208,-0.799671888,116.513489,76.931,18533.96473,0,0.5,0.1,1.7,0,7.1,0,90.7,0,0,0,0,,
North Macedonia,2018,2870.995815,-0.208728835,79.1018982,76.6487805,16796.27023,8,0.6,0.3,59.1,0,31.5,0,0,0,0.2,0,0.4,,
United Kingdom,2018,3821.085519,0.079742476,122.352379,81.2560976,47573.48802,61.4,7.6,15.2,0,0.4,4.4,1.6,0.2,8.4,0.6,0,0.1,,
United States,2018,2559.22656,0.421417832,98.7960587,78.6390244,62805.25376,44.2,23.1,20,0.6,1.9,0.8,0.5,1.1,3.5,1.6,0,2.8,,
Albania,2019,2839.579908,0.11116863,95.6599274,78.573,13999.42397,6,10.5,0.4,5.4,0,77,0,0,0,0.6,0,0.1,,
Argentina,2019,-2650.710693,-0.091444202,110.406853,76.667,22997.39176,17.3,69,3.3,0,0.1,0,0.1,0.1,0,9.8,0,0.3,,
Australia,2019,-1743.933462,0.911745727,135.714325,82.9,51748.39772,51.8,18.3,0,2.3,0.9,1.7,1.4,2.6,17.4,1.3,0,2.3,,
Austria,2019,3278.619939,0.916747928,98.8835831,81.895122,58076.3488,26.7,61.3,4.3,1.7,0,4.6,0,0,0,1.2,0,0.2,,
Bangladesh,2019,1634.264586,-0.932975292,78.2772675,72.591,5784.269636,0,0,0,0,0,90.1,9.1,0.8,0,0,0,0,,
Bolivia,2019,-1124.020626,-0.730085671,89.1542664,71.513,9092.687044,14.8,59.3,10.1,0,0.1,0,0,0,0,12.8,1.4,1.5,,
Brazil,2019,-982.215276,-0.713788211,106.760986,75.881,15358.08949,17,46.1,28.1,0,0.1,0,0,0.1,2.9,3.5,0.8,1.4,,
Bulgaria,2019,2948.637927,0.578860998,91.5129623,75.1121951,24497.62727,25.7,0.8,0.2,58.9,0,13.2,0,0,0,0.3,0,0.9,,
Belarus,2019,3705.976683,0.332389116,101.531128,74.2268293,20092.88037,34.8,5.2,1.3,58.1,0.2,0,0,0,0,0.4,0,0,,
Canada,2019,3872.995254,1.01676774,114.820534,82.0487805,49299.21177,44.3,27.8,14.4,2.2,1.8,2.2,0.9,1,1.6,3.8,0,0,,
Chile,2019,-2461.585143,0.007929707,103.264542,80.181,25322.71106,25.7,55.8,7.9,0.1,0.5,0,0.4,0.1,0,4.6,1.1,3.7,,
Colombia,2019,315.389892,-0.949501574,103.35463,77.287,15673.09435,46.5,39.4,0.5,0,0,0,0,0,13.6,0.1,0,0,,
Croatia,2019,3111.9,0.694699943,102.849792,78.4243902,30543.93375,19,79.4,0.2,0.5,0.2,0.3,0,0,0,0.3,0,0.2,,
Cyprus,2019,2423.722497,0.557369947,99.2319336,80.982,42338.87891,1.5,0.4,0,71.5,0,26.2,0,0,0,0,0.1,0.3,,
Czechia,2019,3437.406948,0.943887472,101.807053,79.2292683,42847.00474,75.9,18.2,1.6,0.6,0.2,0.1,0,0,0,2.2,0.3,0.8,,
Denmark,2019,3882.21048,0.995625198,129.317444,81.4512195,58700.97467,18.5,0,78.1,0,0,0.9,0,0.2,0,2.4,0,0,,
Ecuador,2019,-126.355491,-0.232956856,101.917908,77.01,11850.49495,35.4,50.7,0.8,0.1,0,0,0,0,10.7,0.6,0.7,0.9,,
Estonia,2019,4043.073768,0.633256257,117.716209,78.6463415,37851.30077,80.7,0.5,5.9,9.7,0,0.2,0,0,0,2.6,0,0.4,,
Finland,2019,4272.76359,0.851656735,152.119446,81.9829268,50321.53969,26.8,0,70.9,0.7,0,0,0,0,0.3,0.9,0,0.4,,
France,2019,3189.707022,0.29938224,104.370781,82.8268293,49072.36383,58.1,32,0.9,0.5,0.3,5.8,0.1,0.3,0.9,0.9,0,0.2,,
Georgia,2019,2919.763083,-0.488382638,106.752693,73.767,15621.87366,5.7,1.3,0.2,82.4,0,9.5,0,0,0,0.9,0,0,,
Germany,2019,3530.432679,0.574308574,94.79245,81.2926829,55652.88749,35.8,27.7,26.7,1.3,0,4.4,0,0,2,1.9,0,0.3,,
Greece,2019,2696.120352,0.181738213,105.21257,81.6390244,30356.2664,3.8,0.5,0.1,91,0.2,2.9,0.2,0,0,0.4,0.1,1,,
Guatemala,2019,1089.059499,-0.573592246,50.1174698,74.302,9018.51752,12.7,48.9,35.3,0.1,0.1,0.1,0.2,0.3,1.3,0.1,0,1,,
Hong Kong,2019,1545.353532,-0.222177982,106.443359,85.0780488,62103.41335,71.3,4.1,14.5,0.1,0,0.3,0.3,8.5,0.7,0,0,0.2,,
Hungary,2019,3254.212086,0.772158086,86.4889297,76.3195122,33514.94179,55.7,32.6,10.3,0.3,0,0,0,0,0.3,0.5,0.1,0.3,,
Iceland,2019,4482.450519,1.639300942,113.703453,83.1634146,58290.09683,18.2,1.6,70.5,0.1,0,0,0,0.4,7,2.2,0,0,,
Italy,2019,2889.16386,0.40438509,100.38871,83.497561,44376.1625,22.5,73.6,0.4,0.2,0,0.8,0.1,0.5,1.1,0.2,0.1,0.5,,
Kazakhstan,2019,3313.350537,-0.168488264,113.792992,73.18,27463.97155,8.3,0.5,0,18.6,0,67.6,0,0.6,0,0,2.3,2.1,,
Jordan,2019,2110.376316,-0.261968046,66.0014877,74.526,10496.43835,0,0,0,0,0,98.3,0,0,1.7,0,0,0,,
Korea,2019,2477.635233,0.55120641,95.5517731,83.2268293,42998.38824,64,6.8,14.9,0.2,0,0,0,14,0,0.2,0,0,,
Latvia,2019,3924.694815,0.443465203,107.570869,75.3878049,31883.25911,51.3,17.1,16.8,13.7,0,0,0,0,0,1,0,0,,
Lithuania,2019,3806.691222,0.779812694,106.592377,76.2829268,38540.78145,14.1,80.1,1,4.3,0,0,0,0,0,0.1,0,0.5,,
Malaysia,2019,290.523396,0.143876806,86.9933395,76.156,29620.97866,2,0,0,0,0,57.8,4.8,17.4,17.4,0.7,0,0,,
Mexico,2019,1630.780569,-0.836903512,109.537399,75.054,19862.5632,12.1,75.3,6.5,0.5,0.1,0,0.5,0.2,0,0,0.1,4.6,,
Montenegro,2019,2946.898782,0.067673579,90.9646988,76.6829268,23072.58274,27.6,2.8,0,49.9,0,16.7,0,0,0,1.2,0.1,1.5,,
Morocco,2019,2193.627438,-0.339893311,78.1782227,76.68,7865.262207,1.3,0,0,0,0,98.7,0,0,0,0,0,0,,
Netherlands,2019,3597.151677,0.847549617,135.150284,82.1121951,59004.32497,59.4,16.2,12.4,0,0.1,3,1.1,0.2,0,2.7,0.5,0.9,,
New Zealand,2019,-2822.138433,1.411302328,126.509949,81.7073171,45554.8094,45.2,10.2,0,0.1,0.2,0.7,1,0.7,34,1.6,0,0,,
Norway,2019,4172.569656,1.170564771,115.607178,82.9585366,66799.16472,36,2.9,52.5,0.9,0,2,0.4,0.2,4.2,0.9,0,0,,
Pakistan,2019,2095.897149,-2.265187025,41.5903206,67.273,5542.208851,0,0,0,0,0,98.3,0.8,0,0,0.7,0,0.2,,
Peru,2019,-634.107723,-0.152364984,105.598503,76.736,13401.00669,2.8,76.2,14.1,0,0,0,0.1,0,2.6,3.7,0.3,0.3,,
Philippines,2019,888.700749,-0.915112436,93.9068604,71.231,9290.966062,2.7,77.6,0.6,0,0,5.6,0,0,13.1,0,0,0.4,,
Poland,2019,3582.441222,0.563653529,110.126617,77.904878,33797.76736,9.2,88.7,0.7,0.6,0,0,0,0,0,0.6,0,0.1,,
Portugal,2019,2718.591168,1.066230536,120.905891,81.6756098,36172.07254,24.6,69.1,3.4,0.4,0,0.6,0,0,0,1.8,0,0.1,,
Romania,2019,3170.078109,0.561702192,88.2191162,75.6073171,31867.26319,3.7,4.5,5.2,85.4,0,0.2,0,0,0,0,0,0.9,,
Russia,2019,4245.15669,-0.557384431,102.139168,73.0839024,30067.74023,39,0.1,0.2,49.6,0,7.9,0.2,0.2,0,0.5,1.2,1.1,,
Serbia,2019,3037.139949,-0.065950118,94.9925766,75.9365854,18822.36077,25.8,2.7,0.6,69.4,0,0.8,0,0,0,0.3,0,0.3,,
Singapore,2019,93.293727,1.500786424,104.28141,83.595122,102431.3157,23.8,6.8,16.8,0,0.2,14,5,25.8,0,7.5,0,0,,
Slovenia,2019,3184.435629,0.807429194,114.145187,81.5292683,40670.87787,35.6,56.6,0.3,2.8,0,3.3,0,0.1,0,0.7,0,0.6,,
Spain,2019,2791.993023,0.310685813,127.790512,83.8317073,41695.14695,37.5,38.7,0.4,0.7,0.1,1.8,0.1,0.1,0,20.7,0,0,,
Sweden,2019,4148.843109,1.039472699,151.172134,83.1097561,54598.78035,38.5,0.9,54,1.1,0.2,0.9,0,0,4.2,0.1,0,0.1,,
Thailand,2019,1095.032208,-0.483683407,113.355476,77.15,19216.84294,0,0.5,0.1,1.7,0,7.1,0,90.7,0,0,0,0,,
United Kingdom,2019,3821.085519,0.53973186,120.080551,81.204878,49041.46355,61.4,7.6,15.2,0,0.4,4.4,1.6,0.2,8.4,0.6,0,0.1,,
United States,2019,2559.22656,0.134975299,99.1894531,78.7878049,65094.79943,44.2,23.1,20,0.6,1.9,0.8,0.5,1.1,3.5,1.6,0,2.8,,
Albania,2020,2839.579908,0.087552309,95.3323669,78.686,13632.18654,6,10.5,0.4,5.4,0,77,0,0,0,0.6,0,0.1,,
Australia,2020,-1743.933462,0.850844324,131.806595,83.2,53316.88543,51.8,18.3,0,2.3,0.9,1.7,1.4,2.6,17.4,1.3,0,2.3,,
Bangladesh,2020,1634.264586,-0.922474504,81.4880524,72.868,5995.407429,0,0,0,0,0,90.1,9.1,0.8,0,0,0,0,,
Bolivia,2020,-1124.020626,-0.459805071,89.7323608,71.771,8283.131195,14.8,59.3,10.1,0,0.1,0,0,0,0,12.8,1.4,1.5,,
Belarus,2020,3705.976683,-0.895924509,102.672859,74.2268293,20237.55113,34.8,5.2,1.3,58.1,0.2,0,0,0,0,0.4,0,0,,
Colombia,2020,315.389892,-0.663913071,103.983673,77.46,14868.46982,46.5,39.4,0.5,0,0,0,0,0,13.6,0.1,0,0,,
Ecuador,2020,-126.355491,-0.269370615,101.816818,77.216,10890.45664,35.4,50.7,0.8,0.1,0,0,0,0,10.7,0.6,0.7,0.9,,
Georgia,2020,2919.763083,-0.415690362,103.086433,73.919,14731.20059,5.7,1.3,0.2,82.4,0,9.5,0,0,0,0.9,0,0,,
Guatemala,2020,1089.059499,-0.418793201,49.9117088,74.529,8852.947743,12.7,48.9,35.3,0.1,0.1,0.1,0.2,0.3,1.3,0.1,0,1,,
Hong Kong,2020,1545.353532,0.092972033,107.587692,85.3878049,58980.01105,71.3,4.1,14.5,0.1,0,0.3,0.3,8.5,0.7,0,0,0.2,,
Kazakhstan,2020,3313.350537,-0.256105691,103.822746,71.37,26750.44623,8.3,0.5,0,18.6,0,67.6,0,0.6,0,0,2.3,2.1,,
Jordan,2020,2110.376316,-0.274932474,68.8369598,74.655,10354.16403,0,0,0,0,0,98.3,0,0,1.7,0,0,0,,
Malaysia,2020,290.523396,0.113924153,85.407959,76.306,27921.41095,2,0,0,0,0,57.8,4.8,17.4,17.4,0.7,0,0,,
Montenegro,2020,2946.898782,-0.059554223,91.3377228,75.9317073,19989.65367,27.6,2.8,0,49.9,0,16.7,0,0,0,1.2,0.1,1.5,,
Morocco,2020,2193.627438,-0.353218377,80.322052,76.901,7368.891602,1.3,0,0,0,0,98.7,0,0,0,0,0,0,,
Peru,2020,-634.107723,-0.355914146,106.907516,76.947,11908.0607,2.8,76.2,14.1,0,0,0,0.1,0,2.6,3.7,0.3,0.3,,
Philippines,2020,888.700749,-0.753126085,95.6992416,71.36,8394.242258,2.7,77.6,0.6,0,0,5.6,0,0,13.1,0,0,0.4,,
Serbia,2020,3037.139949,-0.163741484,92.9392471,74.2292683,19093.95531,25.8,2.7,0.6,69.4,0,0.8,0,0,0,0.3,0,0.3,,
Thailand,2020,1095.032208,-0.575292408,112.340736,77.344,18197.94241,0,0.5,0.1,1.7,0,7.1,0,90.7,0,0,0,0,,